domain,problem
agricola-strips,0-p07.pddl
agricola-strips,0-p14.pddl
agricola-strips,0-p21.pddl
agricola-strips,0-p22.pddl
agricola-strips,0-p23.pddl
agricola-strips,0-p24.pddl
agricola-strips,0-p25.pddl
agricola-strips,0-p26.pddl
agricola-strips,0-p27.pddl
agricola-strips,0-p28.pddl
agricola-strips,0-p29.pddl
agricola-strips,0-p30.pddl
agricola-strips,1-p07.pddl
agricola-strips,1-p08.pddl
agricola-strips,1-p09.pddl
agricola-strips,1-p10.pddl
agricola-strips,1-p19.pddl
agricola-strips,1-p20.pddl
agricola-strips,1-p29.pddl
agricola-strips,1-p30.pddl
agricola-strips,3-p06.pddl
agricola-strips,3-p07.pddl
agricola-strips,3-p08.pddl
agricola-strips,3-p09.pddl
agricola-strips,3-p10.pddl
agricola-strips,3-p11.pddl
agricola-strips,3-p12.pddl
agricola-strips,3-p13.pddl
agricola-strips,3-p14.pddl
agricola-strips,3-p15.pddl
airport-adl,0-p07-airport2-p2.pddl
airport-adl,0-p13-airport3-p2.pddl
airport-adl,0-p18-airport3-p6.pddl
airport-adl,0-p20-airport3-p7.pddl
airport-adl,0-p22-airport4halfMUC-p3.pddl
airport-adl,0-p23-airport4halfMUC-p4.pddl
airport-adl,0-p24-airport4halfMUC-p4.pddl
airport-adl,0-p25-airport4halfMUC-p5.pddl
airport-adl,0-p26-airport4halfMUC-p6.pddl
airport-adl,0-p27-airport4halfMUC-p6.pddl
airport-adl,0-p28-airport4halfMUC-p7.pddl
airport-adl,0-p29-airport4halfMUC-p8.pddl
airport-adl,0-p30-airport4halfMUC-p8.pddl
airport-adl,0-p31-airport4halfMUC-p9.pddl
airport-adl,0-p32-airport4halfMUC-p10.pddl
airport-adl,0-p33-airport4halfMUC-p10.pddl
airport-adl,0-p34-airport4halfMUC-p11.pddl
airport-adl,0-p35-airport4halfMUC-p12.pddl
airport-adl,0-p37-airport5MUC-p3.pddl
airport-adl,0-p39-airport5MUC-p4.pddl
airport-adl,0-p40-airport5MUC-p4.pddl
airport-adl,0-p41-airport5MUC-p4.pddl
airport-adl,0-p42-airport5MUC-p5.pddl
airport-adl,0-p43-airport5MUC-p5.pddl
airport-adl,0-p44-airport5MUC-p5.pddl
airport-adl,0-p45-airport5MUC-p6.pddl
airport-adl,0-p46-airport5MUC-p6.pddl
airport-adl,0-p47-airport5MUC-p8.pddl
airport-adl,0-p48-airport5MUC-p9.pddl
airport-adl,0-p49-airport5MUC-p10.pddl
airport-strips,0-p02.pddl
airport-strips,0-p03.pddl
airport-strips,0-p04.pddl
airport-strips,0-p05.pddl
airport-strips,0-p06.pddl
airport-strips,0-p07.pddl
airport-strips,0-p08.pddl
airport-strips,0-p09.pddl
airport-strips,0-p10.pddl
airport-strips,0-p11.pddl
airport-strips,0-p12.pddl
airport-strips,0-p13.pddl
airport-strips,0-p14.pddl
airport-strips,0-p15.pddl
airport-strips,0-p17.pddl
airport-strips,0-p18.pddl
airport-strips,0-p19.pddl
airport-strips,0-p20.pddl
airport-strips,0-p21.pddl
airport-strips,0-p22.pddl
airport-strips,0-p23.pddl
airport-strips,0-p24.pddl
airport-strips,0-p25.pddl
airport-strips,0-p26.pddl
airport-strips,0-p27.pddl
airport-strips,0-p28.pddl
airport-strips,0-p29.pddl
airport-strips,2-p18-airport3-p6.pddl
airport-strips,2-p19-airport3-p6.pddl
airport-strips,2-p20-airport3-p7.pddl
assembly-adl,0-prob01.pddl
assembly-adl,0-prob02.pddl
assembly-adl,0-prob03.pddl
assembly-adl,0-prob04.pddl
assembly-adl,0-prob05.pddl
assembly-adl,0-prob06.pddl
assembly-adl,0-prob07.pddl
assembly-adl,0-prob08.pddl
assembly-adl,0-prob09.pddl
assembly-adl,0-prob10.pddl
assembly-adl,0-prob11.pddl
assembly-adl,0-prob12.pddl
assembly-adl,0-prob13.pddl
assembly-adl,0-prob14.pddl
assembly-adl,0-prob15.pddl
assembly-adl,0-prob16.pddl
assembly-adl,0-prob17.pddl
assembly-adl,0-prob18.pddl
assembly-adl,0-prob19.pddl
assembly-adl,0-prob20.pddl
assembly-adl,0-prob21.pddl
assembly-adl,0-prob22.pddl
assembly-adl,0-prob23.pddl
assembly-adl,0-prob24.pddl
assembly-adl,0-prob25.pddl
assembly-adl,0-prob26.pddl
assembly-adl,0-prob27.pddl
assembly-adl,0-prob28.pddl
assembly-adl,0-prob29.pddl
assembly-adl,0-prob30.pddl
barman-strips,1-p08.pddl
barman-strips,1-p10.pddl
barman-strips,1-p11.pddl
barman-strips,1-p12.pddl
barman-strips,1-p13.pddl
barman-strips,1-p14.pddl
barman-strips,1-p15.pddl
barman-strips,1-p16.pddl
barman-strips,1-p17.pddl
barman-strips,1-p18.pddl
barman-strips,1-p19.pddl
barman-strips,1-p20.pddl
barman-strips,1-p21.pddl
barman-strips,1-p22.pddl
barman-strips,1-p23.pddl
barman-strips,1-p24.pddl
barman-strips,1-p25.pddl
barman-strips,1-p26.pddl
barman-strips,1-p27.pddl
barman-strips,1-p28.pddl
barman-strips,1-p29.pddl
barman-strips,1-p30.pddl
barman-strips,2-p3-11-5-15.pddl
barman-strips,2-p3-11-5-17.pddl
barman-strips,2-p4-11-4-15.pddl
barman-strips,2-p4-11-5-15.pddl
barman-strips,4-p1-11-4-15.pddl
barman-strips,6-pfile09-036.pddl
barman-strips,6-pfile10-038.pddl
barman-strips,6-pfile10-040.pddl
blocksworld-strips,0-p15.pddl
blocksworld-strips,0-p16.pddl
blocksworld-strips,0-p29.pddl
blocksworld-strips,0-p30.pddl
blocksworld-strips,1-p05.pddl
blocksworld-strips,1-p06.pddl
blocksworld-strips,1-p07.pddl
blocksworld-strips,1-p08.pddl
blocksworld-strips,1-p09.pddl
blocksworld-strips,1-p10.pddl
blocksworld-strips,1-p11.pddl
blocksworld-strips,1-p12.pddl
blocksworld-strips,1-p13.pddl
blocksworld-strips,1-p14.pddl
blocksworld-strips,1-p15.pddl
blocksworld-strips,1-p16.pddl
blocksworld-strips,1-p17.pddl
blocksworld-strips,1-p18.pddl
blocksworld-strips,1-p19.pddl
blocksworld-strips,1-p20.pddl
blocksworld-strips,1-p21.pddl
blocksworld-strips,1-p22.pddl
blocksworld-strips,1-p23.pddl
blocksworld-strips,1-p24.pddl
blocksworld-strips,1-p25.pddl
blocksworld-strips,1-p28.pddl
blocksworld-strips,2-probBLOCKS-13-1.pddl
blocksworld-strips,2-probBLOCKS-15-1.pddl
blocksworld-strips,2-probBLOCKS-16-2.pddl
blocksworld-strips,2-probBLOCKS-17-0.pddl
briefcaseworld-adl,0-p052.pddl
briefcaseworld-adl,0-p054.pddl
briefcaseworld-adl,0-p055.pddl
briefcaseworld-adl,0-p056.pddl
briefcaseworld-adl,0-p057.pddl
briefcaseworld-adl,0-p058.pddl
briefcaseworld-adl,0-p059.pddl
briefcaseworld-adl,0-p060.pddl
briefcaseworld-adl,0-p061.pddl
briefcaseworld-adl,0-p062.pddl
briefcaseworld-adl,0-p063.pddl
briefcaseworld-adl,0-p064.pddl
briefcaseworld-adl,0-p065.pddl
briefcaseworld-adl,0-p066.pddl
briefcaseworld-adl,0-p067.pddl
briefcaseworld-adl,0-p068.pddl
briefcaseworld-adl,0-p069.pddl
briefcaseworld-adl,0-p070.pddl
briefcaseworld-adl,0-p071.pddl
briefcaseworld-adl,0-p072.pddl
briefcaseworld-adl,0-p073.pddl
briefcaseworld-adl,0-p074.pddl
briefcaseworld-adl,0-p075.pddl
briefcaseworld-adl,0-p076.pddl
briefcaseworld-adl,0-p077.pddl
briefcaseworld-adl,0-p078.pddl
briefcaseworld-adl,0-p079.pddl
briefcaseworld-adl,0-p080.pddl
briefcaseworld-adl,1-p49.pddl
briefcaseworld-adl,1-p50.pddl
caldera-adl,0-p05.pddl
caldera-adl,0-p06.pddl
caldera-adl,0-p07.pddl
caldera-adl,0-p09.pddl
caldera-adl,0-p10.pddl
caldera-adl,0-p11.pddl
caldera-adl,0-p12.pddl
caldera-adl,0-p13.pddl
caldera-adl,0-p14.pddl
caldera-adl,0-p15.pddl
caldera-adl,0-p16.pddl
caldera-adl,0-p17.pddl
caldera-adl,0-p18.pddl
caldera-adl,0-p19.pddl
caldera-adl,0-p20.pddl
caldera-adl,1-p01.pddl
caldera-adl,1-p02.pddl
caldera-adl,1-p03.pddl
caldera-adl,1-p04.pddl
caldera-adl,1-p05.pddl
caldera-adl,1-p06.pddl
caldera-adl,1-p07.pddl
caldera-adl,1-p08.pddl
caldera-adl,1-p09.pddl
caldera-adl,1-p10.pddl
caldera-adl,1-p11.pddl
caldera-adl,1-p12.pddl
caldera-adl,1-p13.pddl
caldera-adl,1-p14.pddl
caldera-adl,1-p16.pddl
caldera-split-adl,0-p02.pddl
caldera-split-adl,0-p03.pddl
caldera-split-adl,0-p04.pddl
caldera-split-adl,0-p05.pddl
caldera-split-adl,0-p06.pddl
caldera-split-adl,0-p07.pddl
caldera-split-adl,0-p09.pddl
caldera-split-adl,0-p10.pddl
caldera-split-adl,0-p11.pddl
caldera-split-adl,0-p12.pddl
caldera-split-adl,0-p13.pddl
caldera-split-adl,0-p14.pddl
caldera-split-adl,0-p15.pddl
caldera-split-adl,0-p16.pddl
caldera-split-adl,0-p17.pddl
caldera-split-adl,0-p18.pddl
caldera-split-adl,0-p19.pddl
caldera-split-adl,0-p20.pddl
caldera-split-adl,1-p01.pddl
caldera-split-adl,1-p03.pddl
caldera-split-adl,1-p04.pddl
caldera-split-adl,1-p05.pddl
caldera-split-adl,1-p06.pddl
caldera-split-adl,1-p07.pddl
caldera-split-adl,1-p08.pddl
caldera-split-adl,1-p09.pddl
caldera-split-adl,1-p10.pddl
caldera-split-adl,1-p11.pddl
caldera-split-adl,1-p12.pddl
caldera-split-adl,1-p13.pddl
cavediving-adl,0-testing01.pddl
cavediving-adl,0-testing05A_easy.pddl
cavediving-adl,0-testing06A_easy.pddl
cavediving-adl,0-testing07_easy.pddl
cavediving-adl,0-testing08_easy.pddl
cavediving-adl,0-testing18A_easy.pddl
cavediving-adl,0-testing18_easy.pddl
cavediving-adl,0-testing20A_easy.pddl
childsnack-strips,0-p23.pddl
childsnack-strips,0-p24.pddl
childsnack-strips,1-p11.pddl
childsnack-strips,1-p12.pddl
childsnack-strips,1-p13.pddl
childsnack-strips,1-p14.pddl
childsnack-strips,1-p15.pddl
childsnack-strips,1-p16.pddl
childsnack-strips,1-p17.pddl
childsnack-strips,1-p18.pddl
childsnack-strips,1-p19.pddl
childsnack-strips,1-p21.pddl
childsnack-strips,1-p23.pddl
childsnack-strips,1-p24.pddl
childsnack-strips,1-p25.pddl
childsnack-strips,1-p26.pddl
childsnack-strips,1-p27.pddl
childsnack-strips,1-p28.pddl
childsnack-strips,1-p29.pddl
childsnack-strips,1-p30.pddl
childsnack-strips,2-child-snack_pfile09.pddl
childsnack-strips,3-child-snack_pfile11.pddl
childsnack-strips,3-child-snack_pfile12.pddl
childsnack-strips,3-child-snack_pfile13-2.pddl
childsnack-strips,3-child-snack_pfile13.pddl
childsnack-strips,3-child-snack_pfile14.pddl
childsnack-strips,3-child-snack_pfile15-2.pddl
childsnack-strips,3-child-snack_pfile16-2.pddl
childsnack-strips,3-child-snack_pfile19-2.pddl
childsnack-strips,3-child-snack_pfile19.pddl
citycar-adl,2-p095.pddl
citycar-adl,2-p096.pddl
citycar-adl,2-p122.pddl
citycar-adl,2-p123.pddl
citycar-adl,2-p126.pddl
citycar-adl,2-p127.pddl
citycar-adl,2-p128.pddl
citycar-adl,2-p133.pddl
citycar-adl,2-p136.pddl
citycar-adl,2-p137.pddl
citycar-adl,2-p138.pddl
citycar-adl,2-p140.pddl
citycar-adl,2-p141.pddl
citycar-adl,2-p142.pddl
citycar-adl,2-p143.pddl
citycar-adl,2-p144.pddl
citycar-adl,2-p238.pddl
citycar-adl,2-p239.pddl
citycar-adl,2-p267.pddl
citycar-adl,2-p268.pddl
citycar-adl,2-p271.pddl
citycar-adl,2-p272.pddl
citycar-adl,2-p281.pddl
citycar-adl,2-p282.pddl
citycar-adl,2-p283.pddl
citycar-adl,2-p284.pddl
citycar-adl,2-p285.pddl
citycar-adl,2-p286.pddl
citycar-adl,2-p287.pddl
citycar-adl,2-p288.pddl
data-network-strips,1-p06.pddl
data-network-strips,1-p08.pddl
data-network-strips,1-p10.pddl
data-network-strips,1-p12.pddl
data-network-strips,1-p13.pddl
data-network-strips,1-p14.pddl
data-network-strips,1-p15.pddl
data-network-strips,1-p16.pddl
data-network-strips,1-p17.pddl
data-network-strips,1-p19.pddl
data-network-strips,1-p20.pddl
data-network-strips,1-p21.pddl
data-network-strips,1-p22.pddl
data-network-strips,1-p24.pddl
data-network-strips,1-p26.pddl
data-network-strips,1-p27.pddl
data-network-strips,1-p28.pddl
data-network-strips,1-p29.pddl
data-network-strips,3-p04.pddl
data-network-strips,3-p06.pddl
data-network-strips,3-p07.pddl
data-network-strips,3-p08.pddl
data-network-strips,3-p09.pddl
data-network-strips,3-p10.pddl
data-network-strips,3-p13.pddl
data-network-strips,3-p15.pddl
data-network-strips,3-p16.pddl
data-network-strips,3-p17.pddl
data-network-strips,3-p18.pddl
data-network-strips,3-p20.pddl
depots-strips,0-p09.pddl
depots-strips,0-p10.pddl
depots-strips,0-p11.pddl
depots-strips,0-p12.pddl
depots-strips,0-p21.pddl
depots-strips,0-p26.pddl
depots-strips,0-p29.pddl
depots-strips,0-p30.pddl
depots-strips,1-p05.pddl
depots-strips,1-p06.pddl
depots-strips,1-p07.pddl
depots-strips,1-p08.pddl
depots-strips,1-p09.pddl
depots-strips,1-p10.pddl
depots-strips,1-p11.pddl
depots-strips,1-p12.pddl
depots-strips,1-p13.pddl
depots-strips,1-p14.pddl
depots-strips,1-p15.pddl
depots-strips,1-p16.pddl
depots-strips,1-p17.pddl
depots-strips,2-p06.pddl
depots-strips,2-p09.pddl
depots-strips,2-p12.pddl
depots-strips,2-p14.pddl
depots-strips,2-p15.pddl
depots-strips,2-p18.pddl
depots-strips,2-p19.pddl
depots-strips,2-p20.pddl
depots-strips,2-p22.pddl
driverlog-strips,0-p19.pddl
driverlog-strips,0-p21.pddl
driverlog-strips,1-p01.pddl
driverlog-strips,1-p02.pddl
driverlog-strips,1-p03.pddl
driverlog-strips,1-p04.pddl
driverlog-strips,1-p05.pddl
driverlog-strips,1-p06.pddl
driverlog-strips,1-p07.pddl
driverlog-strips,1-p08.pddl
driverlog-strips,1-p09.pddl
driverlog-strips,1-p10.pddl
driverlog-strips,1-p11.pddl
driverlog-strips,1-p12.pddl
driverlog-strips,1-p13.pddl
driverlog-strips,1-p14.pddl
driverlog-strips,1-p15.pddl
driverlog-strips,1-p16.pddl
driverlog-strips,1-p17.pddl
driverlog-strips,1-p18.pddl
driverlog-strips,1-p19.pddl
driverlog-strips,1-p20.pddl
driverlog-strips,1-p21.pddl
driverlog-strips,1-p22.pddl
driverlog-strips,1-p23.pddl
driverlog-strips,2-p16.pddl
driverlog-strips,2-p17.pddl
driverlog-strips,2-p18.pddl
driverlog-strips,2-p19.pddl
driverlog-strips,2-p20.pddl
elevators-strips,1-p09.pddl
elevators-strips,1-p10.pddl
elevators-strips,1-p11.pddl
elevators-strips,1-p12.pddl
elevators-strips,1-p13.pddl
elevators-strips,1-p14.pddl
elevators-strips,1-p15.pddl
elevators-strips,1-p16.pddl
elevators-strips,1-p17.pddl
elevators-strips,1-p18.pddl
elevators-strips,1-p19.pddl
elevators-strips,1-p20.pddl
elevators-strips,1-p21.pddl
elevators-strips,1-p22.pddl
elevators-strips,1-p23.pddl
elevators-strips,1-p24.pddl
elevators-strips,1-p25.pddl
elevators-strips,1-p26.pddl
elevators-strips,1-p27.pddl
elevators-strips,1-p28.pddl
elevators-strips,1-p29.pddl
elevators-strips,1-p30.pddl
elevators-strips,3-p11.pddl
elevators-strips,3-p12.pddl
elevators-strips,3-p13.pddl
elevators-strips,3-p15.pddl
elevators-strips,3-p16.pddl
elevators-strips,3-p17.pddl
elevators-strips,3-p19.pddl
elevators-strips,3-p20.pddl
ferry-strips,0-p010.pddl
ferry-strips,0-p011.pddl
ferry-strips,0-p021.pddl
ferry-strips,0-p022.pddl
ferry-strips,0-p031.pddl
ferry-strips,0-p044.pddl
ferry-strips,0-p052.pddl
ferry-strips,0-p053.pddl
ferry-strips,0-p055.pddl
ferry-strips,0-p062.pddl
ferry-strips,0-p064.pddl
ferry-strips,0-p066.pddl
ferry-strips,0-p072.pddl
ferry-strips,0-p073.pddl
ferry-strips,0-p077.pddl
ferry-strips,0-p084.pddl
ferry-strips,0-p087.pddl
ferry-strips,0-p088.pddl
ferry-strips,0-p095.pddl
ferry-strips,0-p097.pddl
ferry-strips,0-p099.pddl
ferry-strips,0-p106.pddl
ferry-strips,0-p117.pddl
ferry-strips,0-p119.pddl
ferry-strips,0-p120.pddl
ferry-strips,0-p121.pddl
ferry-strips,0-p127.pddl
ferry-strips,0-p128.pddl
ferry-strips,0-p131.pddl
ferry-strips,0-p132.pddl
flashfill-adl,0-p01.pddl
flashfill-adl,0-p02.pddl
flashfill-adl,0-p03.pddl
flashfill-adl,0-p04.pddl
flashfill-adl,0-p05.pddl
flashfill-adl,0-p06.pddl
flashfill-adl,0-p07.pddl
flashfill-adl,0-p08.pddl
flashfill-adl,0-p09.pddl
flashfill-adl,0-p10.pddl
flashfill-adl,0-p11.pddl
flashfill-adl,0-p16.pddl
flashfill-adl,0-p17.pddl
flashfill-adl,0-p18.pddl
flashfill-adl,0-p19.pddl
flashfill-adl,0-p20.pddl
floortile-strips,0-p10.pddl
floortile-strips,0-p13.pddl
floortile-strips,0-p23.pddl
floortile-strips,0-p25.pddl
floortile-strips,0-p26.pddl
floortile-strips,0-p29.pddl
floortile-strips,0-p30.pddl
floortile-strips,1-p05.pddl
floortile-strips,1-p07.pddl
floortile-strips,1-p08.pddl
floortile-strips,1-p09.pddl
floortile-strips,1-p10.pddl
floortile-strips,1-p11.pddl
floortile-strips,1-p12.pddl
floortile-strips,1-p13.pddl
floortile-strips,1-p14.pddl
floortile-strips,1-p15.pddl
floortile-strips,1-p16.pddl
floortile-strips,1-p17.pddl
floortile-strips,1-p18.pddl
floortile-strips,2-p02-5-4-2.pddl
floortile-strips,2-p03-5-5-2.pddl
floortile-strips,2-p03-6-5-2.pddl
floortile-strips,3-p02-6-5-3.pddl
floortile-strips,3-p04-5-5-2.pddl
floortile-strips,4-opt-p07-014.pddl
floortile-strips,4-opt-p10-019.pddl
floortile-strips,5-seq-p05-010.pddl
floortile-strips,5-seq-p08-016.pddl
floortile-strips,5-seq-p09-018.pddl
freecell-strips,0-p19.pddl
freecell-strips,0-p20.pddl
freecell-strips,0-p21.pddl
freecell-strips,0-p23.pddl
freecell-strips,0-p26.pddl
freecell-strips,0-p28.pddl
freecell-strips,0-p29.pddl
freecell-strips,0-p30.pddl
freecell-strips,1-p18.pddl
freecell-strips,1-p22.pddl
freecell-strips,1-p23.pddl
freecell-strips,1-p24.pddl
freecell-strips,1-p25.pddl
freecell-strips,1-p26.pddl
freecell-strips,1-p28.pddl
freecell-strips,1-p29.pddl
freecell-strips,1-p30.pddl
freecell-strips,2-p13.pddl
freecell-strips,2-p16.pddl
freecell-strips,2-p18.pddl
freecell-strips,2-p19.pddl
freecell-strips,2-p20.pddl
freecell-strips,2-probfreecell-11-1.pddl
freecell-strips,2-probfreecell-11-5.pddl
freecell-strips,2-probfreecell-12-1.pddl
freecell-strips,2-probfreecell-12-4.pddl
freecell-strips,2-probfreecell-12-5.pddl
freecell-strips,2-probfreecell-13-1.pddl
freecell-strips,2-probfreecell-13-4.pddl
freecell-strips,2-probfreecell-13-5.pddl
fsc-blocks-strips,0-p03.pddl
fsc-blocks-strips,0-p04.pddl
fsc-blocks-strips,0-p05.pddl
fsc-blocks-strips,0-p06.pddl
fsc-blocks-strips,0-p07.pddl
fsc-blocks-strips,0-p08.pddl
fsc-blocks-strips,0-p09.pddl
fsc-blocks-strips,0-p10.pddl
fsc-blocks-strips,0-p11.pddl
fsc-blocks-strips,0-p12.pddl
fsc-blocks-strips,0-p13.pddl
fsc-blocks-strips,0-p14.pddl
fsc-blocks-strips,0-p15.pddl
fsc-blocks-strips,0-p16.pddl
fsc-grid-a-strips,0-corner2x2_A2.pddl
fsc-grid-a-strips,0-corner4x4_A2.pddl
fsc-grid-a-strips,1-corner2x2_A.pddl
fsc-grid-a-strips,1-corner3x2_A.pddl
fsc-grid-a-strips,1-corner3x3_A.pddl
fsc-grid-a-strips,1-corner4x2_A.pddl
fsc-grid-a-strips,1-corner4x3_A.pddl
fsc-grid-a-strips,1-corner4x4_A.pddl
fsc-grid-a-strips,1-prize2x2_A.pddl
fsc-grid-a-strips,1-prize3x2_A.pddl
fsc-grid-a-strips,1-prize3x3_A.pddl
fsc-grid-a-strips,1-prize4x2_A.pddl
fsc-grid-a-strips,1-prize4x3_A.pddl
fsc-grid-a-strips,1-prize4x4_A.pddl
fsc-grid-a-strips,1-prize5x2_A.pddl
fsc-grid-a-strips,1-prize5x3_A.pddl
fsc-grid-a-strips,1-prize5x4_A.pddl
fsc-grid-r-strips,0-corner2x2_R.pddl
fsc-grid-r-strips,0-corner3x2_R.pddl
fsc-grid-r-strips,0-corner3x3_R.pddl
fsc-grid-r-strips,0-corner4x2_R.pddl
fsc-grid-r-strips,0-corner4x3_R.pddl
fsc-grid-r-strips,0-corner4x4_R.pddl
fsc-grid-r-strips,0-prize2x2_R.pddl
fsc-grid-r-strips,0-prize3x2_R.pddl
fsc-grid-r-strips,0-prize3x3_R.pddl
fsc-grid-r-strips,0-prize4x2_R.pddl
fsc-grid-r-strips,0-prize4x3_R.pddl
fsc-grid-r-strips,0-prize4x4_R.pddl
fsc-grid-r-strips,0-prize5x2_R.pddl
fsc-grid-r-strips,0-prize5x3_R.pddl
fsc-grid-r-strips,0-prize5x4_R.pddl
fsc-hall-strips,0-p1x4_A.pddl
fsc-visualmarker-strips,0-p-grid4x4-blocks5.pddl
fsc-visualmarker-strips,0-p-grid5x5-blocks10.pddl
fsc-visualmarker-strips,0-p-grid5x5-blocks7a.pddl
fsc-visualmarker-strips,0-p-grid5x5-blocks7b.pddl
fsc-visualmarker-strips,0-p-grid5x5-blocks8.pddl
fsc-visualmarker-strips,0-p-grid5x5-blocks9.pddl
fsc-visualmarker-strips,0-p-grid7x5-blocks10.pddl
ged-strips,1-p07.pddl
ged-strips,1-p09.pddl
ged-strips,1-p10.pddl
ged-strips,1-p11.pddl
ged-strips,1-p12.pddl
ged-strips,1-p13.pddl
ged-strips,1-p14.pddl
ged-strips,1-p15.pddl
ged-strips,1-p16.pddl
ged-strips,1-p17.pddl
ged-strips,1-p18.pddl
ged-strips,1-p19.pddl
ged-strips,1-p20.pddl
ged-strips,1-p21.pddl
ged-strips,1-p22.pddl
ged-strips,1-p23.pddl
ged-strips,1-p24.pddl
ged-strips,1-p25.pddl
ged-strips,1-p26.pddl
ged-strips,1-p27.pddl
ged-strips,1-p28.pddl
ged-strips,1-p29.pddl
ged-strips,1-p30.pddl
ged-strips,3-d-10-5.pddl
ged-strips,3-d-12-2.pddl
ged-strips,3-d-12-3.pddl
ged-strips,3-d-12-6.pddl
ged-strips,3-d-12-7.pddl
ged-strips,3-d-12-8.pddl
ged-strips,3-d-12-9.pddl
gedp-ds2ndp-adl,0-d-1-2.pddl
gedp-ds2ndp-adl,0-d-1-3.pddl
gedp-ds2ndp-adl,0-d-1-8.pddl
gedp-ds2ndp-adl,0-d-2-3.pddl
gedp-ds2ndp-adl,0-d-2-4.pddl
gedp-ds2ndp-adl,0-d-2-8.pddl
gedp-ds2ndp-adl,0-d-3-1.pddl
gedp-ds2ndp-adl,0-d-3-2.pddl
gedp-ds2ndp-adl,0-d-3-4.pddl
gedp-ds2ndp-adl,0-d-4-2.pddl
gedp-ds2ndp-adl,0-d-4-3.pddl
gedp-ds2ndp-adl,0-d-4-8.pddl
gedp-ds2ndp-adl,0-d-5-7.pddl
gedp-ds2ndp-adl,0-d-6-7.pddl
gedp-ds2ndp-adl,0-d-7-5.pddl
gedp-ds2ndp-adl,0-d-7-6.pddl
gedp-ds2ndp-adl,0-d-8-1.pddl
gedp-ds2ndp-adl,0-d-8-2.pddl
gedp-ds2ndp-adl,0-d-8-4.pddl
gedp-ds2ndp-adl,0-d-8-9.pddl
gedp-ds2ndp-adl,0-d-9-8.pddl
goldminer-strips,0-p032.pddl
goldminer-strips,0-p036.pddl
goldminer-strips,0-p046.pddl
goldminer-strips,0-p047.pddl
goldminer-strips,0-p057.pddl
goldminer-strips,0-p060.pddl
goldminer-strips,0-p066.pddl
goldminer-strips,0-p070.pddl
goldminer-strips,0-p072.pddl
goldminer-strips,0-p081.pddl
goldminer-strips,0-p083.pddl
goldminer-strips,0-p084.pddl
goldminer-strips,0-p093.pddl
goldminer-strips,0-p095.pddl
goldminer-strips,0-p096.pddl
goldminer-strips,0-p102.pddl
goldminer-strips,0-p103.pddl
goldminer-strips,0-p104.pddl
goldminer-strips,0-p108.pddl
goldminer-strips,0-p112.pddl
goldminer-strips,0-p117.pddl
goldminer-strips,0-p118.pddl
goldminer-strips,0-p119.pddl
goldminer-strips,0-p130.pddl
goldminer-strips,0-p131.pddl
goldminer-strips,0-p132.pddl
goldminer-strips,0-p141.pddl
goldminer-strips,0-p142.pddl
goldminer-strips,0-p143.pddl
goldminer-strips,0-p144.pddl
grid-strips,0-p21.pddl
grid-strips,0-p24.pddl
grid-strips,0-p29.pddl
grid-strips,1-p05.pddl
grid-strips,1-p06.pddl
grid-strips,1-p07.pddl
grid-strips,1-p08.pddl
grid-strips,1-p09.pddl
grid-strips,1-p10.pddl
grid-strips,1-p11.pddl
grid-strips,2-prob03.pddl
grid-strips,2-prob05.pddl
grid-strips,3-p063.pddl
grid-strips,3-p075.pddl
grid-strips,3-p076.pddl
grid-strips,3-p078.pddl
grid-strips,3-p080.pddl
grid-strips,3-p085.pddl
grid-strips,3-p086.pddl
grid-strips,3-p087.pddl
grid-strips,3-p088.pddl
grid-strips,3-p089.pddl
grid-strips,3-p090.pddl
grid-strips,3-p091.pddl
grid-strips,3-p092.pddl
grid-strips,3-p093.pddl
grid-strips,3-p094.pddl
grid-strips,3-p098.pddl
grid-strips,3-p100.pddl
grid-strips,3-p108.pddl
gripper-strips,0-p16.pddl
gripper-strips,0-p19.pddl
gripper-strips,0-p21.pddl
gripper-strips,0-p22.pddl
gripper-strips,0-p24.pddl
gripper-strips,0-p25.pddl
gripper-strips,0-p26.pddl
gripper-strips,0-p27.pddl
gripper-strips,0-p29.pddl
gripper-strips,0-p30.pddl
gripper-strips,1-p05.pddl
gripper-strips,1-p06.pddl
gripper-strips,1-p08.pddl
gripper-strips,1-p09.pddl
gripper-strips,1-p11.pddl
gripper-strips,1-p12.pddl
gripper-strips,1-p13.pddl
gripper-strips,1-p15.pddl
gripper-strips,1-p16.pddl
gripper-strips,1-p17.pddl
gripper-strips,1-p19.pddl
gripper-strips,1-p20.pddl
gripper-strips,1-p21.pddl
gripper-strips,1-p25.pddl
gripper-strips,1-p26.pddl
gripper-strips,1-p28.pddl
gripper-strips,1-p29.pddl
gripper-strips,1-p30.pddl
gripper-strips,2-prob18.pddl
gripper-strips,2-prob20.pddl
hanoi-strips,0-p001.pddl
hanoi-strips,0-p002.pddl
hanoi-strips,0-p003.pddl
hanoi-strips,0-p004.pddl
hanoi-strips,0-p005.pddl
hanoi-strips,0-p006.pddl
hanoi-strips,0-p007.pddl
hanoi-strips,0-p008.pddl
hanoi-strips,0-p009.pddl
hiking-strips,0-p18.pddl
hiking-strips,0-p20.pddl
hiking-strips,0-p21.pddl
hiking-strips,0-p22.pddl
hiking-strips,0-p23.pddl
hiking-strips,0-p24.pddl
hiking-strips,0-p25.pddl
hiking-strips,1-p05.pddl
hiking-strips,1-p06.pddl
hiking-strips,1-p07.pddl
hiking-strips,1-p08.pddl
hiking-strips,1-p09.pddl
hiking-strips,1-p10.pddl
hiking-strips,1-p11.pddl
hiking-strips,1-p19.pddl
hiking-strips,1-p20.pddl
hiking-strips,1-p21.pddl
hiking-strips,1-p22.pddl
hiking-strips,1-p23.pddl
hiking-strips,1-p24.pddl
hiking-strips,1-p25.pddl
hiking-strips,1-p26.pddl
hiking-strips,1-p27.pddl
hiking-strips,1-p28.pddl
hiking-strips,1-p29.pddl
hiking-strips,2-testing-4-5-8.pddl
hiking-strips,2-testing-5-6-7.pddl
hiking-strips,2-testing-5-6-8.pddl
hiking-strips,5-p056.pddl
hiking-strips,5-p064.pddl
logistics-strips,1-p04.pddl
logistics-strips,1-p05.pddl
logistics-strips,1-p06.pddl
logistics-strips,1-p07.pddl
logistics-strips,1-p08.pddl
logistics-strips,1-p09.pddl
logistics-strips,1-p10.pddl
logistics-strips,1-p11.pddl
logistics-strips,1-p12.pddl
logistics-strips,1-p13.pddl
logistics-strips,1-p14.pddl
logistics-strips,1-p15.pddl
logistics-strips,1-p16.pddl
logistics-strips,1-p17.pddl
logistics-strips,1-p18.pddl
logistics-strips,1-p19.pddl
logistics-strips,1-p20.pddl
logistics-strips,1-p21.pddl
logistics-strips,2-prob04.pddl
logistics-strips,2-prob09.pddl
logistics-strips,2-prob14.pddl
logistics-strips,2-prob18.pddl
logistics-strips,2-prob20.pddl
logistics-strips,2-prob22.pddl
logistics-strips,2-prob25.pddl
logistics-strips,2-prob26.pddl
logistics-strips,2-prob27.pddl
logistics-strips,2-prob28.pddl
logistics-strips,2-prob29.pddl
logistics-strips,2-prob30.pddl
maintenance-adl,1-maintenance-1-3-200-500-5-001.pddl
maintenance-adl,1-maintenance-1-3-200-500-5-002.pddl
maintenance-adl,1-maintenance-1-3-200-900-5-000.pddl
maintenance-adl,1-maintenance-1-3-200-900-5-001.pddl
maintenance-adl,1-maintenance-1-3-200-900-5-002.pddl
maintenance-adl,3-maintenance.1.3.080.240.5-018.pddl
maintenance-adl,3-maintenance.1.3.100.300.5-007.pddl
maintenance-adl,3-maintenance.1.3.100.300.5-010.pddl
maintenance-adl,3-maintenance.1.3.100.300.5-015.pddl
maintenance-adl,3-maintenance.1.3.120.360.5-000.pddl
maintenance-adl,3-maintenance.1.3.120.360.5-002.pddl
maintenance-adl,3-maintenance.1.3.120.360.5-006.pddl
maintenance-adl,3-maintenance.1.3.120.360.5-009.pddl
maintenance-adl,3-maintenance.1.3.120.360.5-010.pddl
maintenance-adl,3-maintenance.1.3.120.360.5-015.pddl
maintenance-adl,3-maintenance.1.3.120.360.5-017.pddl
maintenance-adl,3-maintenance.1.3.140.420.5-000.pddl
maintenance-adl,3-maintenance.1.3.140.420.5-003.pddl
maintenance-adl,3-maintenance.1.3.140.420.5-006.pddl
maintenance-adl,3-maintenance.1.3.140.420.5-007.pddl
maintenance-adl,3-maintenance.1.3.140.420.5-009.pddl
maintenance-adl,3-maintenance.1.3.140.420.5-010.pddl
maintenance-adl,3-maintenance.1.3.140.420.5-011.pddl
maintenance-adl,3-maintenance.1.3.140.420.5-012.pddl
maintenance-adl,3-maintenance.1.3.140.420.5-013.pddl
maintenance-adl,3-maintenance.1.3.140.420.5-014.pddl
maintenance-adl,3-maintenance.1.3.140.420.5-015.pddl
maintenance-adl,3-maintenance.1.3.140.420.5-017.pddl
maintenance-adl,3-maintenance.1.3.140.420.5-018.pddl
maintenance-adl,3-maintenance.1.3.140.420.5-019.pddl
miconic-fulladl-adl,0-f10-0.pddl
miconic-fulladl-adl,0-f10-3.pddl
miconic-fulladl-adl,0-f12-4.pddl
miconic-fulladl-adl,0-f13-1.pddl
miconic-fulladl-adl,0-f13-3.pddl
miconic-fulladl-adl,0-f13-4.pddl
miconic-fulladl-adl,0-f14-0.pddl
miconic-fulladl-adl,0-f17-0.pddl
miconic-fulladl-adl,0-f17-4.pddl
miconic-fulladl-adl,0-f19-2.pddl
miconic-fulladl-adl,0-f20-0.pddl
miconic-fulladl-adl,0-f20-1.pddl
miconic-fulladl-adl,0-f20-2.pddl
miconic-fulladl-adl,0-f20-4.pddl
miconic-fulladl-adl,0-f22-1.pddl
miconic-fulladl-adl,0-f22-4.pddl
miconic-fulladl-adl,0-f23-3.pddl
miconic-fulladl-adl,0-f25-3.pddl
miconic-fulladl-adl,0-f27-1.pddl
miconic-fulladl-adl,0-f27-3.pddl
miconic-fulladl-adl,0-f29-0.pddl
miconic-fulladl-adl,0-f29-1.pddl
miconic-fulladl-adl,0-f29-4.pddl
miconic-fulladl-adl,0-f3-3.pddl
miconic-fulladl-adl,0-f30-3.pddl
miconic-fulladl-adl,0-f30-4.pddl
miconic-fulladl-adl,0-f6-0.pddl
miconic-fulladl-adl,0-f6-3.pddl
miconic-fulladl-adl,0-f9-2.pddl
miconic-fulladl-adl,0-f9-4.pddl
miconic-simpleadl-adl,0-s14-1.pddl
miconic-simpleadl-adl,0-s16-1.pddl
miconic-simpleadl-adl,0-s16-4.pddl
miconic-simpleadl-adl,0-s17-0.pddl
miconic-simpleadl-adl,0-s19-3.pddl
miconic-simpleadl-adl,0-s20-1.pddl
miconic-simpleadl-adl,0-s20-2.pddl
miconic-simpleadl-adl,0-s21-1.pddl
miconic-simpleadl-adl,0-s21-2.pddl
miconic-simpleadl-adl,0-s21-4.pddl
miconic-simpleadl-adl,0-s22-1.pddl
miconic-simpleadl-adl,0-s22-3.pddl
miconic-simpleadl-adl,0-s22-4.pddl
miconic-simpleadl-adl,0-s23-1.pddl
miconic-simpleadl-adl,0-s23-2.pddl
miconic-simpleadl-adl,0-s24-1.pddl
miconic-simpleadl-adl,0-s24-3.pddl
miconic-simpleadl-adl,0-s25-0.pddl
miconic-simpleadl-adl,0-s25-4.pddl
miconic-simpleadl-adl,0-s26-0.pddl
miconic-simpleadl-adl,0-s26-1.pddl
miconic-simpleadl-adl,0-s26-3.pddl
miconic-simpleadl-adl,0-s27-0.pddl
miconic-simpleadl-adl,0-s27-4.pddl
miconic-simpleadl-adl,0-s28-0.pddl
miconic-simpleadl-adl,0-s28-1.pddl
miconic-simpleadl-adl,0-s29-3.pddl
miconic-simpleadl-adl,0-s30-2.pddl
miconic-simpleadl-adl,0-s30-3.pddl
miconic-simpleadl-adl,0-s30-4.pddl
miconic-strips,0-p14.pddl
miconic-strips,0-p16.pddl
miconic-strips,0-p22.pddl
miconic-strips,0-p24.pddl
miconic-strips,0-p27.pddl
miconic-strips,1-p04.pddl
miconic-strips,1-p05.pddl
miconic-strips,1-p09.pddl
miconic-strips,1-p10.pddl
miconic-strips,1-p11.pddl
miconic-strips,1-p13.pddl
miconic-strips,1-p15.pddl
miconic-strips,1-p19.pddl
miconic-strips,1-p20.pddl
miconic-strips,1-p21.pddl
miconic-strips,1-p22.pddl
miconic-strips,1-p23.pddl
miconic-strips,1-p25.pddl
miconic-strips,1-p26.pddl
miconic-strips,1-p27.pddl
miconic-strips,1-p28.pddl
miconic-strips,1-p30.pddl
miconic-strips,2-s15-4.pddl
miconic-strips,2-s17-1.pddl
miconic-strips,2-s21-3.pddl
miconic-strips,2-s24-0.pddl
miconic-strips,2-s26-3.pddl
miconic-strips,2-s28-1.pddl
miconic-strips,2-s29-0.pddl
miconic-strips,2-s30-2.pddl
movie-strips,0-prob01.pddl
movie-strips,0-prob02.pddl
movie-strips,0-prob03.pddl
movie-strips,0-prob04.pddl
movie-strips,0-prob05.pddl
movie-strips,0-prob06.pddl
movie-strips,0-prob07.pddl
movie-strips,0-prob08.pddl
movie-strips,0-prob09.pddl
movie-strips,0-prob10.pddl
movie-strips,0-prob11.pddl
movie-strips,0-prob12.pddl
movie-strips,0-prob13.pddl
movie-strips,0-prob14.pddl
movie-strips,0-prob15.pddl
movie-strips,0-prob16.pddl
movie-strips,0-prob17.pddl
movie-strips,0-prob18.pddl
movie-strips,0-prob19.pddl
movie-strips,0-prob20.pddl
movie-strips,0-prob21.pddl
movie-strips,0-prob22.pddl
movie-strips,0-prob23.pddl
movie-strips,0-prob24.pddl
movie-strips,0-prob25.pddl
movie-strips,0-prob26.pddl
movie-strips,0-prob27.pddl
movie-strips,0-prob28.pddl
movie-strips,0-prob29.pddl
movie-strips,0-prob30.pddl
mprime-strips,0-p09.pddl
mprime-strips,0-p12.pddl
mprime-strips,0-p15.pddl
mprime-strips,0-p18.pddl
mprime-strips,0-p22.pddl
mprime-strips,0-p29.pddl
mprime-strips,1-p06.pddl
mprime-strips,1-p07.pddl
mprime-strips,1-p08.pddl
mprime-strips,1-p09.pddl
mprime-strips,1-p10.pddl
mprime-strips,1-p11.pddl
mprime-strips,1-p12.pddl
mprime-strips,1-p13.pddl
mprime-strips,1-p14.pddl
mprime-strips,1-p15.pddl
mprime-strips,1-p16.pddl
mprime-strips,1-p17.pddl
mprime-strips,1-p18.pddl
mprime-strips,1-p19.pddl
mprime-strips,1-p20.pddl
mprime-strips,1-p21.pddl
mprime-strips,1-p23.pddl
mprime-strips,1-p24.pddl
mprime-strips,1-p26.pddl
mprime-strips,1-p27.pddl
mprime-strips,1-p28.pddl
mprime-strips,1-p29.pddl
mprime-strips,1-p30.pddl
mprime-strips,2-prob18.pddl
mystery-strips,0-prob01.pddl
mystery-strips,0-prob02.pddl
mystery-strips,0-prob03.pddl
mystery-strips,0-prob06.pddl
mystery-strips,0-prob09.pddl
mystery-strips,0-prob10.pddl
mystery-strips,0-prob11.pddl
mystery-strips,0-prob13.pddl
mystery-strips,0-prob14.pddl
mystery-strips,0-prob15.pddl
mystery-strips,0-prob17.pddl
mystery-strips,0-prob19.pddl
mystery-strips,0-prob20.pddl
mystery-strips,0-prob25.pddl
mystery-strips,0-prob26.pddl
mystery-strips,0-prob27.pddl
mystery-strips,0-prob28.pddl
mystery-strips,0-prob29.pddl
mystery-strips,0-prob30.pddl
no-mprime-strips,0-prob02.pddl
no-mprime-strips,0-prob03.pddl
no-mprime-strips,0-prob04.pddl
no-mprime-strips,0-prob05.pddl
no-mprime-strips,0-prob06.pddl
no-mprime-strips,0-prob07.pddl
no-mprime-strips,0-prob08.pddl
no-mprime-strips,0-prob09.pddl
no-mprime-strips,0-prob10.pddl
no-mprime-strips,0-prob11.pddl
no-mprime-strips,0-prob12.pddl
no-mprime-strips,0-prob13.pddl
no-mprime-strips,0-prob14.pddl
no-mprime-strips,0-prob15.pddl
no-mprime-strips,0-prob16.pddl
no-mprime-strips,0-prob17.pddl
no-mprime-strips,0-prob18.pddl
no-mprime-strips,0-prob19.pddl
no-mprime-strips,0-prob20.pddl
no-mprime-strips,0-prob21.pddl
no-mprime-strips,0-prob22.pddl
no-mprime-strips,0-prob23.pddl
no-mprime-strips,0-prob24.pddl
no-mprime-strips,0-prob26.pddl
no-mprime-strips,0-prob27.pddl
no-mprime-strips,0-prob30.pddl
no-mprime-strips,0-prob31.pddl
no-mprime-strips,0-prob32.pddl
no-mprime-strips,0-prob33.pddl
no-mprime-strips,0-prob34.pddl
no-mystery-strips,0-prob01.pddl
no-mystery-strips,0-prob02.pddl
no-mystery-strips,0-prob03.pddl
no-mystery-strips,0-prob06.pddl
no-mystery-strips,0-prob09.pddl
no-mystery-strips,0-prob10.pddl
no-mystery-strips,0-prob11.pddl
no-mystery-strips,0-prob13.pddl
no-mystery-strips,0-prob14.pddl
no-mystery-strips,0-prob15.pddl
no-mystery-strips,0-prob17.pddl
no-mystery-strips,0-prob19.pddl
no-mystery-strips,0-prob20.pddl
no-mystery-strips,0-prob25.pddl
no-mystery-strips,0-prob26.pddl
no-mystery-strips,0-prob27.pddl
no-mystery-strips,0-prob28.pddl
no-mystery-strips,0-prob29.pddl
no-mystery-strips,0-prob30.pddl
nomystery-strips,0-p14.pddl
nomystery-strips,0-p17.pddl
nomystery-strips,0-p18.pddl
nomystery-strips,0-p19.pddl
nomystery-strips,0-p20.pddl
nomystery-strips,0-p21.pddl
nomystery-strips,0-p22.pddl
nomystery-strips,0-p26.pddl
nomystery-strips,0-p27.pddl
nomystery-strips,0-p28.pddl
nomystery-strips,0-p29.pddl
nomystery-strips,0-p30.pddl
nomystery-strips,1-p16.pddl
nomystery-strips,1-p17.pddl
nomystery-strips,1-p18.pddl
nomystery-strips,1-p19.pddl
nomystery-strips,1-p20.pddl
nomystery-strips,1-p21.pddl
nomystery-strips,1-p22.pddl
nomystery-strips,1-p23.pddl
nomystery-strips,1-p25.pddl
nomystery-strips,1-p26.pddl
nomystery-strips,1-p27.pddl
nomystery-strips,1-p28.pddl
nomystery-strips,1-p29.pddl
nomystery-strips,1-p30.pddl
nomystery-strips,3-p10.pddl
nomystery-strips,3-p17.pddl
nomystery-strips,3-p19.pddl
nomystery-strips,3-p20.pddl
npuzzle-strips,0-p001.pddl
npuzzle-strips,0-p002.pddl
npuzzle-strips,0-p003.pddl
npuzzle-strips,0-p004.pddl
npuzzle-strips,0-p005.pddl
npuzzle-strips,0-p006.pddl
npuzzle-strips,0-p007.pddl
npuzzle-strips,0-p008.pddl
npuzzle-strips,0-p009.pddl
npuzzle-strips,0-p010.pddl
npuzzle-strips,0-p011.pddl
npuzzle-strips,0-p012.pddl
npuzzle-strips,0-p013.pddl
npuzzle-strips,0-p014.pddl
npuzzle-strips,0-p015.pddl
npuzzle-strips,0-p016.pddl
npuzzle-strips,0-p017.pddl
npuzzle-strips,0-p018.pddl
npuzzle-strips,0-p019.pddl
npuzzle-strips,0-p020.pddl
npuzzle-strips,0-p021.pddl
npuzzle-strips,0-p022.pddl
npuzzle-strips,0-p023.pddl
npuzzle-strips,0-p024.pddl
npuzzle-strips,0-p025.pddl
npuzzle-strips,0-p026.pddl
npuzzle-strips,0-p027.pddl
npuzzle-strips,0-p028.pddl
npuzzle-strips,0-p029.pddl
npuzzle-strips,0-p030.pddl
nurikabe-adl,0-p03.pddl
nurikabe-adl,0-p08.pddl
nurikabe-adl,0-p09.pddl
nurikabe-adl,0-p11.pddl
nurikabe-adl,0-p12.pddl
nurikabe-adl,0-p13.pddl
nurikabe-adl,0-p14.pddl
nurikabe-adl,0-p15.pddl
nurikabe-adl,0-p16.pddl
nurikabe-adl,0-p17.pddl
nurikabe-adl,0-p18.pddl
nurikabe-adl,0-p19.pddl
nurikabe-adl,0-p20.pddl
nurikabe-adl,1-p03.pddl
nurikabe-adl,1-p04.pddl
nurikabe-adl,1-p05.pddl
nurikabe-adl,1-p06.pddl
nurikabe-adl,1-p07.pddl
nurikabe-adl,1-p08.pddl
nurikabe-adl,1-p09.pddl
nurikabe-adl,1-p10.pddl
nurikabe-adl,1-p11.pddl
nurikabe-adl,1-p12.pddl
nurikabe-adl,1-p13.pddl
nurikabe-adl,1-p14.pddl
nurikabe-adl,1-p15.pddl
nurikabe-adl,1-p16.pddl
nurikabe-adl,1-p17.pddl
nurikabe-adl,1-p18.pddl
nurikabe-adl,1-p19.pddl
openstacks-adl,1-p07.pddl
openstacks-adl,1-p08.pddl
openstacks-adl,1-p09.pddl
openstacks-adl,1-p10.pddl
openstacks-adl,1-p11.pddl
openstacks-adl,1-p22.pddl
openstacks-adl,1-p23.pddl
openstacks-adl,1-p24.pddl
openstacks-adl,1-p25.pddl
openstacks-adl,1-p26.pddl
openstacks-adl,2-p10.pddl
openstacks-adl,3-p14.pddl
openstacks-adl,3-p19.pddl
openstacks-adl,3-p22.pddl
openstacks-adl,3-p27.pddl
openstacks-adl,3-p28.pddl
openstacks-adl,4-p09.pddl
openstacks-adl,4-p13.pddl
openstacks-adl,4-p14.pddl
openstacks-adl,4-p17.pddl
openstacks-adl,4-p18.pddl
openstacks-adl,4-p20.pddl
openstacks-adl,4-p23.pddl
openstacks-adl,4-p24.pddl
openstacks-adl,4-p25.pddl
openstacks-adl,4-p26.pddl
openstacks-adl,4-p27.pddl
openstacks-adl,4-p28.pddl
openstacks-adl,4-p29.pddl
openstacks-adl,4-p30.pddl
openstacks-strips,0-p170_2.pddl
openstacks-strips,0-p170_3.pddl
openstacks-strips,0-p190_1.pddl
openstacks-strips,0-p190_2.pddl
openstacks-strips,0-p190_3.pddl
openstacks-strips,0-p210_1.pddl
openstacks-strips,0-p230_1.pddl
openstacks-strips,0-p230_2.pddl
openstacks-strips,0-p250_1.pddl
openstacks-strips,0-p250_2.pddl
openstacks-strips,0-p270_1.pddl
openstacks-strips,0-p270_2.pddl
openstacks-strips,0-p290_1.pddl
openstacks-strips,0-p290_2.pddl
openstacks-strips,2-p210_3.pddl
openstacks-strips,2-p230_3.pddl
openstacks-strips,2-p250_3.pddl
openstacks-strips,2-p270_3.pddl
openstacks-strips,2-p290_3.pddl
openstacks-strips,4-p14.pddl
openstacks-strips,4-p15.pddl
openstacks-strips,4-p16.pddl
openstacks-strips,4-p17.pddl
openstacks-strips,4-p18.pddl
openstacks-strips,4-p19.pddl
openstacks-strips,4-p20.pddl
openstacks-strips,7-p24.pddl
openstacks-strips,7-p28.pddl
openstacks-strips,7-p29.pddl
openstacks-strips,7-p30.pddl
optical-telegraphs-adl,0-p01-opt2.pddl
optical-telegraphs-adl,0-p02-opt3.pddl
optical-telegraphs-adl,0-p03-opt4.pddl
optical-telegraphs-adl,0-p04-opt5.pddl
optical-telegraphs-adl,0-p05-opt6.pddl
optical-telegraphs-adl,0-p06-opt7.pddl
optical-telegraphs-adl,0-p07-opt8.pddl
optical-telegraphs-adl,0-p08-opt9.pddl
optical-telegraphs-adl,0-p09-opt10.pddl
optical-telegraphs-adl,0-p10-opt11.pddl
optical-telegraphs-adl,0-p11-opt12.pddl
optical-telegraphs-adl,0-p12-opt13.pddl
optical-telegraphs-adl,0-p13-opt14.pddl
optical-telegraphs-adl,0-p14-opt15.pddl
optical-telegraphs-adl,0-p15-opt16.pddl
optical-telegraphs-adl,0-p16-opt17.pddl
optical-telegraphs-adl,0-p17-opt18.pddl
optical-telegraphs-adl,0-p18-opt19.pddl
optical-telegraphs-adl,0-p19-opt20.pddl
optical-telegraphs-adl,0-p20-opt21.pddl
optical-telegraphs-adl,0-p21-opt22.pddl
optical-telegraphs-adl,0-p22-opt23.pddl
optical-telegraphs-adl,0-p23-opt24.pddl
optical-telegraphs-adl,0-p24-opt25.pddl
optical-telegraphs-adl,0-p25-opt26.pddl
optical-telegraphs-adl,0-p27-opt28.pddl
optical-telegraphs-adl,0-p28-opt29.pddl
optical-telegraphs-adl,0-p29-opt30.pddl
organic-synthesis-split-strips,0-p02.pddl
organic-synthesis-split-strips,0-p03.pddl
organic-synthesis-split-strips,0-p04.pddl
organic-synthesis-split-strips,0-p05.pddl
organic-synthesis-split-strips,0-p06.pddl
organic-synthesis-split-strips,0-p07.pddl
organic-synthesis-split-strips,0-p08.pddl
organic-synthesis-split-strips,0-p09.pddl
organic-synthesis-split-strips,0-p10.pddl
organic-synthesis-split-strips,0-p11.pddl
organic-synthesis-split-strips,0-p12.pddl
organic-synthesis-split-strips,0-p13.pddl
organic-synthesis-split-strips,0-p14.pddl
organic-synthesis-split-strips,0-p15.pddl
organic-synthesis-split-strips,0-p16.pddl
organic-synthesis-split-strips,0-p17.pddl
organic-synthesis-split-strips,0-p18.pddl
organic-synthesis-split-strips,0-p19.pddl
organic-synthesis-split-strips,0-p20.pddl
organic-synthesis-split-strips,0-p21.pddl
organic-synthesis-split-strips,0-p22.pddl
organic-synthesis-split-strips,0-p23.pddl
organic-synthesis-split-strips,0-p24.pddl
organic-synthesis-split-strips,2-p01.pddl
organic-synthesis-split-strips,2-p02.pddl
organic-synthesis-split-strips,2-p09.pddl
organic-synthesis-split-strips,2-p11.pddl
organic-synthesis-split-strips,2-p12.pddl
organic-synthesis-split-strips,3-p06.pddl
organic-synthesis-split-strips,3-p07.pddl
organic-synthesis-strips,0-p01.pddl
organic-synthesis-strips,0-p02.pddl
organic-synthesis-strips,0-p03.pddl
organic-synthesis-strips,0-p07.pddl
organic-synthesis-strips,0-p09.pddl
organic-synthesis-strips,0-p10.pddl
organic-synthesis-strips,0-p14.pddl
organic-synthesis-strips,1-p06.pddl
organic-synthesis-strips,1-p07.pddl
organic-synthesis-strips,1-p16.pddl
parcprinter-strips,0-p08.pddl
parcprinter-strips,0-p09.pddl
parcprinter-strips,0-p11.pddl
parcprinter-strips,0-p12.pddl
parcprinter-strips,0-p13.pddl
parcprinter-strips,0-p14.pddl
parcprinter-strips,0-p15.pddl
parcprinter-strips,0-p16.pddl
parcprinter-strips,0-p17.pddl
parcprinter-strips,0-p18.pddl
parcprinter-strips,0-p19.pddl
parcprinter-strips,0-p20.pddl
parcprinter-strips,0-p21.pddl
parcprinter-strips,0-p22.pddl
parcprinter-strips,0-p23.pddl
parcprinter-strips,0-p24.pddl
parcprinter-strips,0-p25.pddl
parcprinter-strips,0-p26.pddl
parcprinter-strips,0-p27.pddl
parcprinter-strips,0-p28.pddl
parcprinter-strips,0-p29.pddl
parcprinter-strips,0-p30.pddl
parcprinter-strips,1-p10.pddl
parcprinter-strips,1-p13.pddl
parcprinter-strips,1-p15.pddl
parcprinter-strips,1-p23.pddl
parcprinter-strips,1-p24.pddl
parcprinter-strips,1-p26.pddl
parcprinter-strips,2-p02.pddl
parcprinter-strips,2-p10.pddl
parking-strips,1-p09.pddl
parking-strips,1-p10.pddl
parking-strips,1-p11.pddl
parking-strips,1-p12.pddl
parking-strips,1-p13.pddl
parking-strips,1-p14.pddl
parking-strips,1-p15.pddl
parking-strips,1-p16.pddl
parking-strips,1-p17.pddl
parking-strips,1-p18.pddl
parking-strips,1-p19.pddl
parking-strips,1-p20.pddl
parking-strips,3-p_28_3.pddl
parking-strips,3-p_30_3.pddl
parking-strips,3-p_32_1.pddl
parking-strips,3-p_32_2.pddl
parking-strips,3-p_32_3.pddl
parking-strips,3-p_34_1.pddl
parking-strips,3-p_34_2.pddl
parking-strips,3-p_34_3.pddl
parking-strips,3-p_36_1.pddl
parking-strips,3-p_36_2.pddl
parking-strips,3-p_36_3.pddl
parking-strips,3-p_38_1.pddl
parking-strips,3-p_38_2.pddl
parking-strips,3-p_38_3.pddl
parking-strips,3-p_40_1.pddl
parking-strips,3-p_40_2.pddl
parking-strips,3-p_40_3.pddl
parking-strips,5-pfile13-050.pddl
pathways-noneg-adl,0-p01.pddl
pathways-noneg-adl,0-p02.pddl
pathways-noneg-adl,0-p03.pddl
pathways-noneg-adl,0-p04.pddl
pathways-noneg-adl,0-p05.pddl
pathways-noneg-adl,0-p06.pddl
pathways-noneg-adl,0-p07.pddl
pathways-noneg-adl,0-p08.pddl
pathways-noneg-adl,0-p09.pddl
pathways-noneg-adl,0-p10.pddl
pathways-noneg-adl,0-p11.pddl
pathways-noneg-adl,0-p12.pddl
pathways-noneg-adl,0-p13.pddl
pathways-noneg-adl,0-p14.pddl
pathways-noneg-adl,0-p15.pddl
pathways-noneg-adl,0-p16.pddl
pathways-noneg-adl,0-p17.pddl
pathways-noneg-adl,0-p18.pddl
pathways-noneg-adl,0-p19.pddl
pathways-noneg-adl,0-p20.pddl
pathways-noneg-adl,0-p21.pddl
pathways-noneg-adl,0-p22.pddl
pathways-noneg-adl,0-p23.pddl
pathways-noneg-adl,0-p24.pddl
pathways-noneg-adl,0-p25.pddl
pathways-noneg-adl,0-p26.pddl
pathways-noneg-adl,0-p27.pddl
pathways-noneg-adl,0-p28.pddl
pathways-noneg-adl,0-p29.pddl
pathways-noneg-adl,0-p30.pddl
pathways-strips,0-p16.pddl
pathways-strips,0-p20.pddl
pathways-strips,0-p24.pddl
pathways-strips,0-p28.pddl
pathways-strips,0-p30.pddl
pathways-strips,1-p06.pddl
pathways-strips,1-p07.pddl
pathways-strips,1-p08.pddl
pathways-strips,1-p09.pddl
pathways-strips,1-p10.pddl
pathways-strips,1-p11.pddl
pathways-strips,1-p12.pddl
pathways-strips,1-p13.pddl
pathways-strips,1-p14.pddl
pathways-strips,1-p15.pddl
pathways-strips,1-p16.pddl
pathways-strips,1-p17.pddl
pathways-strips,1-p18.pddl
pathways-strips,1-p19.pddl
pathways-strips,1-p20.pddl
pathways-strips,1-p21.pddl
pathways-strips,1-p22.pddl
pathways-strips,1-p23.pddl
pathways-strips,1-p24.pddl
pathways-strips,1-p25.pddl
pathways-strips,1-p26.pddl
pathways-strips,1-p27.pddl
pathways-strips,1-p28.pddl
pathways-strips,1-p29.pddl
pathways-strips,1-p30.pddl
pegsol-strips,0-p08.pddl
pegsol-strips,0-p09.pddl
pegsol-strips,0-p12.pddl
pegsol-strips,0-p13.pddl
pegsol-strips,0-p14.pddl
pegsol-strips,0-p15.pddl
pegsol-strips,0-p16.pddl
pegsol-strips,0-p21.pddl
pegsol-strips,0-p25.pddl
pegsol-strips,0-p26.pddl
pegsol-strips,0-p27.pddl
pegsol-strips,0-p28.pddl
pegsol-strips,0-p29.pddl
pegsol-strips,0-p30.pddl
pegsol-strips,1-p05.pddl
pegsol-strips,1-p09.pddl
pegsol-strips,1-p14.pddl
pegsol-strips,1-p17.pddl
pegsol-strips,1-p21.pddl
pegsol-strips,1-p24.pddl
pegsol-strips,1-p25.pddl
pegsol-strips,2-p02.pddl
pegsol-strips,2-p03.pddl
pegsol-strips,2-p06.pddl
pegsol-strips,2-p07.pddl
pegsol-strips,2-p13.pddl
pegsol-strips,3-p13.pddl
pegsol-strips,4-p08.pddl
pegsol-strips,4-p12.pddl
pegsol-strips,4-p15.pddl
petri-net-alignment-strips,0-p01.pddl
petri-net-alignment-strips,0-p02.pddl
petri-net-alignment-strips,0-p03.pddl
petri-net-alignment-strips,0-p04.pddl
petri-net-alignment-strips,0-p05.pddl
petri-net-alignment-strips,0-p06.pddl
petri-net-alignment-strips,0-p07.pddl
petri-net-alignment-strips,0-p08.pddl
petri-net-alignment-strips,0-p09.pddl
petri-net-alignment-strips,0-p10.pddl
petri-net-alignment-strips,0-p11.pddl
petri-net-alignment-strips,0-p12.pddl
petri-net-alignment-strips,0-p13.pddl
petri-net-alignment-strips,0-p14.pddl
petri-net-alignment-strips,0-p15.pddl
petri-net-alignment-strips,0-p16.pddl
petri-net-alignment-strips,0-p17.pddl
petri-net-alignment-strips,0-p18.pddl
petri-net-alignment-strips,0-p19.pddl
petri-net-alignment-strips,0-p20.pddl
philosophers-adl,0-p07-phil8.pddl
philosophers-adl,0-p15-phil16.pddl
philosophers-adl,0-p16-phil17.pddl
philosophers-adl,0-p17-phil18.pddl
philosophers-adl,0-p19-phil20.pddl
philosophers-adl,0-p21-phil22.pddl
philosophers-adl,0-p22-phil23.pddl
philosophers-adl,0-p23-phil24.pddl
philosophers-adl,0-p24-phil25.pddl
philosophers-adl,0-p25-phil26.pddl
philosophers-adl,0-p26-phil27.pddl
philosophers-adl,0-p28-phil29.pddl
philosophers-adl,0-p29-phil30.pddl
philosophers-adl,0-p31-phil32.pddl
philosophers-adl,0-p33-phil34.pddl
philosophers-adl,0-p34-phil35.pddl
philosophers-adl,0-p35-phil36.pddl
philosophers-adl,0-p36-phil37.pddl
philosophers-adl,0-p37-phil38.pddl
philosophers-adl,0-p38-phil39.pddl
philosophers-adl,0-p39-phil40.pddl
philosophers-adl,0-p40-phil41.pddl
philosophers-adl,0-p41-phil42.pddl
philosophers-adl,0-p42-phil43.pddl
philosophers-adl,0-p43-phil44.pddl
philosophers-adl,0-p44-phil45.pddl
philosophers-adl,0-p45-phil46.pddl
philosophers-adl,0-p46-phil47.pddl
philosophers-adl,0-p47-phil48.pddl
philosophers-adl,0-p48-phil49.pddl
pipesworld-notankage-strips,0-p16.pddl
pipesworld-notankage-strips,0-p19.pddl
pipesworld-notankage-strips,0-p20.pddl
pipesworld-notankage-strips,0-p21.pddl
pipesworld-notankage-strips,0-p22.pddl
pipesworld-notankage-strips,0-p23.pddl
pipesworld-notankage-strips,0-p24.pddl
pipesworld-notankage-strips,0-p25.pddl
pipesworld-notankage-strips,0-p26.pddl
pipesworld-notankage-strips,0-p27.pddl
pipesworld-notankage-strips,0-p28.pddl
pipesworld-notankage-strips,0-p30.pddl
pipesworld-notankage-strips,1-p07.pddl
pipesworld-notankage-strips,1-p08.pddl
pipesworld-notankage-strips,1-p09.pddl
pipesworld-notankage-strips,1-p10.pddl
pipesworld-notankage-strips,1-p16.pddl
pipesworld-notankage-strips,1-p17.pddl
pipesworld-notankage-strips,1-p18.pddl
pipesworld-notankage-strips,1-p19.pddl
pipesworld-notankage-strips,1-p20.pddl
pipesworld-notankage-strips,1-p22.pddl
pipesworld-notankage-strips,1-p23.pddl
pipesworld-notankage-strips,1-p24.pddl
pipesworld-notankage-strips,1-p25.pddl
pipesworld-notankage-strips,1-p26.pddl
pipesworld-notankage-strips,1-p27.pddl
pipesworld-notankage-strips,1-p28.pddl
pipesworld-notankage-strips,1-p29.pddl
pipesworld-notankage-strips,1-p30.pddl
pipesworld-tankage-strips,0-p13.pddl
pipesworld-tankage-strips,0-p14.pddl
pipesworld-tankage-strips,0-p16.pddl
pipesworld-tankage-strips,0-p17.pddl
pipesworld-tankage-strips,0-p18.pddl
pipesworld-tankage-strips,0-p19.pddl
pipesworld-tankage-strips,0-p20.pddl
pipesworld-tankage-strips,0-p21.pddl
pipesworld-tankage-strips,0-p22.pddl
pipesworld-tankage-strips,0-p23.pddl
pipesworld-tankage-strips,0-p24.pddl
pipesworld-tankage-strips,0-p25.pddl
pipesworld-tankage-strips,0-p26.pddl
pipesworld-tankage-strips,0-p29.pddl
pipesworld-tankage-strips,1-p10.pddl
pipesworld-tankage-strips,1-p17.pddl
pipesworld-tankage-strips,1-p18.pddl
pipesworld-tankage-strips,1-p19.pddl
pipesworld-tankage-strips,1-p20.pddl
pipesworld-tankage-strips,1-p22.pddl
pipesworld-tankage-strips,1-p23.pddl
pipesworld-tankage-strips,1-p24.pddl
pipesworld-tankage-strips,1-p25.pddl
pipesworld-tankage-strips,1-p26.pddl
pipesworld-tankage-strips,1-p27.pddl
pipesworld-tankage-strips,1-p28.pddl
pipesworld-tankage-strips,1-p29.pddl
pipesworld-tankage-strips,1-p30.pddl
pipesworld-tankage-strips,2-p49-net5-b30-g6-t50.pddl
pipesworld-tankage-strips,2-p50-net5-b30-g8-t50.pddl
psr-large-adl,0-p01-s29-n2-l5-f30.pddl
psr-large-adl,0-p02-s46-n3-l5-f50.pddl
psr-large-adl,0-p05-s71-n5-l3-f70.pddl
psr-large-adl,0-p06-s74-n5-l4-f50.pddl
psr-large-adl,0-p07-s81-n6-l2-f30.pddl
psr-large-adl,0-p08-s87-n6-l3-f70.pddl
psr-large-adl,0-p09-s90-n6-l4-f50.pddl
psr-large-adl,0-p10-s93-n6-l5-f30.pddl
psr-large-adl,0-p11-s100-n7-l3-f10.pddl
psr-large-adl,0-p12-s103-n7-l3-f70.pddl
psr-large-adl,0-p13-s106-n7-l4-f50.pddl
psr-large-adl,0-p14-s112-n8-l2-f10.pddl
psr-large-adl,0-p15-s114-n8-l2-f50.pddl
psr-large-adl,0-p16-s119-n8-l3-f70.pddl
psr-large-adl,0-p17-s129-n9-l2-f30.pddl
psr-large-adl,0-p18-s133-n9-l3-f30.pddl
psr-large-adl,0-p19-s144-n10-l2-f10.pddl
psr-large-adl,0-p20-s149-n10-l3-f30.pddl
psr-large-adl,0-p21-s160-n12-l2-f10.pddl
psr-large-adl,0-p22-s162-n12-l3-f10.pddl
psr-large-adl,0-p23-s164-n15-l2-f10.pddl
psr-large-adl,0-p24-s166-n15-l3-f10.pddl
psr-large-adl,0-p25-s168-n20-l2-f10.pddl
psr-large-adl,0-p26-s170-n20-l3-f10.pddl
psr-large-adl,0-p27-s172-n25-l2-f10.pddl
psr-large-adl,0-p28-s174-n25-l3-f10.pddl
psr-large-adl,0-p29-s177-n30-l2-f30.pddl
psr-large-adl,0-p30-s179-n30-l3-f30.pddl
psr-large-adl,0-p31-s181-n35-l2-f30.pddl
psr-large-adl,0-p33-s185-n40-l2-f30.pddl
psr-middle-adl,0-p01-s17-n2-l2-f30.pddl
psr-middle-adl,0-p03-s28-n2-l5-f10.pddl
psr-middle-adl,0-p05-s34-n3-l2-f50.pddl
psr-middle-adl,0-p06-s37-n3-l3-f30.pddl
psr-middle-adl,0-p07-s38-n3-l3-f50.pddl
psr-middle-adl,0-p08-s40-n3-l4-f10.pddl
psr-middle-adl,0-p09-s42-n3-l4-f50.pddl
psr-middle-adl,0-p10-s45-n3-l5-f30.pddl
psr-middle-adl,0-p12-s50-n4-l2-f50.pddl
psr-middle-adl,0-p14-s55-n4-l3-f70.pddl
psr-middle-adl,0-p16-s60-n4-l5-f10.pddl
psr-middle-adl,0-p18-s62-n4-l5-f50.pddl
psr-middle-adl,0-p21-s72-n5-l4-f10.pddl
psr-middle-adl,0-p23-s76-n5-l5-f10.pddl
psr-middle-adl,0-p26-s85-n6-l3-f30.pddl
psr-middle-adl,0-p27-s86-n6-l3-f50.pddl
psr-middle-adl,0-p28-s88-n6-l4-f10.pddl
psr-middle-adl,0-p29-s89-n6-l4-f30.pddl
psr-middle-adl,0-p31-s92-n6-l5-f10.pddl
psr-middle-adl,0-p34-s102-n7-l3-f50.pddl
psr-middle-adl,0-p37-s108-n7-l5-f10.pddl
psr-middle-adl,0-p38-s109-n7-l5-f30.pddl
psr-middle-adl,0-p41-s116-n8-l3-f10.pddl
psr-middle-adl,0-p42-s120-n8-l4-f10.pddl
psr-middle-adl,0-p43-s123-n8-l4-f70.pddl
psr-middle-adl,0-p44-s131-n9-l2-f70.pddl
psr-middle-adl,0-p45-s132-n9-l3-f10.pddl
psr-middle-adl,0-p46-s135-n9-l3-f70.pddl
psr-middle-adl,0-p47-s139-n9-l4-f70.pddl
psr-middle-adl,0-p50-s153-n10-l4-f30.pddl
psr-small-strips,0-p01-s2-n1-l2-f50.pddl
psr-small-strips,0-p02-s5-n1-l3-f30.pddl
psr-small-strips,0-p04-s8-n1-l4-f10.pddl
psr-small-strips,0-p06-s10-n1-l4-f50.pddl
psr-small-strips,0-p07-s11-n1-l4-f70.pddl
psr-small-strips,0-p11-s18-n2-l2-f50.pddl
psr-small-strips,0-p12-s21-n2-l3-f30.pddl
psr-small-strips,0-p14-s23-n2-l3-f70.pddl
psr-small-strips,0-p16-s29-n2-l5-f30.pddl
psr-small-strips,0-p19-s33-n3-l2-f30.pddl
psr-small-strips,0-p22-s37-n3-l3-f30.pddl
psr-small-strips,0-p26-s41-n3-l4-f30.pddl
psr-small-strips,0-p28-s43-n3-l4-f70.pddl
psr-small-strips,0-p30-s46-n3-l5-f50.pddl
psr-small-strips,0-p31-s49-n4-l2-f30.pddl
psr-small-strips,0-p32-s50-n4-l2-f50.pddl
psr-small-strips,0-p33-s51-n4-l2-f70.pddl
psr-small-strips,0-p34-s55-n4-l3-f70.pddl
psr-small-strips,0-p35-s57-n5-l2-f30.pddl
psr-small-strips,0-p36-s65-n6-l2-f30.pddl
psr-small-strips,0-p38-s78-n3-l3-f50.pddl
psr-small-strips,0-p40-s80-n3-l4-f10.pddl
psr-small-strips,0-p42-s82-n3-l4-f50.pddl
psr-small-strips,0-p43-s83-n3-l4-f70.pddl
psr-small-strips,0-p44-s89-n4-l2-f30.pddl
psr-small-strips,0-p45-s94-n4-l3-f50.pddl
psr-small-strips,0-p46-s97-n5-l2-f30.pddl
psr-small-strips,0-p48-s101-n5-l3-f30.pddl
psr-small-strips,0-p49-s105-n6-l2-f30.pddl
psr-small-strips,0-p50-s107-n6-l2-f70.pddl
rovers-strips,0-p13.pddl
rovers-strips,0-p19.pddl
rovers-strips,0-p20.pddl
rovers-strips,1-p11.pddl
rovers-strips,1-p14.pddl
rovers-strips,1-p16.pddl
rovers-strips,1-p17.pddl
rovers-strips,1-p18.pddl
rovers-strips,1-p19.pddl
rovers-strips,1-p20.pddl
rovers-strips,1-p21.pddl
rovers-strips,1-p22.pddl
rovers-strips,1-p23.pddl
rovers-strips,1-p24.pddl
rovers-strips,1-p25.pddl
rovers-strips,1-p27.pddl
rovers-strips,1-p28.pddl
rovers-strips,2-p18.pddl
rovers-strips,2-p22.pddl
rovers-strips,2-p24.pddl
rovers-strips,2-p27.pddl
rovers-strips,2-p31.pddl
rovers-strips,2-p33.pddl
rovers-strips,2-p34.pddl
rovers-strips,2-p35.pddl
rovers-strips,2-p36.pddl
rovers-strips,2-p37.pddl
rovers-strips,2-p38.pddl
rovers-strips,2-p39.pddl
rovers-strips,2-p40.pddl
satellite-strips,0-p06.pddl
satellite-strips,0-p10.pddl
satellite-strips,0-p20.pddl
satellite-strips,1-p07.pddl
satellite-strips,1-p08.pddl
satellite-strips,1-p09.pddl
satellite-strips,1-p10.pddl
satellite-strips,1-p11.pddl
satellite-strips,1-p12.pddl
satellite-strips,1-p13.pddl
satellite-strips,1-p14.pddl
satellite-strips,1-p15.pddl
satellite-strips,1-p16.pddl
satellite-strips,1-p17.pddl
satellite-strips,1-p18.pddl
satellite-strips,1-p19.pddl
satellite-strips,1-p20.pddl
satellite-strips,2-p13-pfile13.pddl
satellite-strips,2-p20-pfile20.pddl
satellite-strips,2-p24-HC-pfile4.pddl
satellite-strips,2-p25-HC-pfile5.pddl
satellite-strips,2-p28-HC-pfile8.pddl
satellite-strips,2-p29-HC-pfile9.pddl
satellite-strips,2-p30-HC-pfile10.pddl
satellite-strips,2-p31-HC-pfile11.pddl
satellite-strips,2-p32-HC-pfile12.pddl
satellite-strips,2-p33-HC-pfile13.pddl
satellite-strips,2-p34-HC-pfile14.pddl
satellite-strips,2-p35-HC-pfile15.pddl
satellite-strips,2-p36-HC-pfile16.pddl
scanalyzer-strips,0-p07.pddl
scanalyzer-strips,0-p13.pddl
scanalyzer-strips,0-p23.pddl
scanalyzer-strips,0-p24.pddl
scanalyzer-strips,0-p25.pddl
scanalyzer-strips,0-p26.pddl
scanalyzer-strips,0-p27.pddl
scanalyzer-strips,0-p28.pddl
scanalyzer-strips,0-p29.pddl
scanalyzer-strips,1-p05.pddl
scanalyzer-strips,1-p06.pddl
scanalyzer-strips,1-p07.pddl
scanalyzer-strips,1-p08.pddl
scanalyzer-strips,1-p09.pddl
scanalyzer-strips,1-p10.pddl
scanalyzer-strips,1-p11.pddl
scanalyzer-strips,1-p12.pddl
scanalyzer-strips,1-p13.pddl
scanalyzer-strips,1-p14.pddl
scanalyzer-strips,1-p15.pddl
scanalyzer-strips,1-p16.pddl
scanalyzer-strips,1-p17.pddl
scanalyzer-strips,1-p18.pddl
scanalyzer-strips,1-p19.pddl
scanalyzer-strips,1-p20.pddl
scanalyzer-strips,2-p20.pddl
scanalyzer-strips,3-p15.pddl
scanalyzer-strips,3-p17.pddl
scanalyzer-strips,3-p19.pddl
scanalyzer-strips,3-p20.pddl
schedule-adl,0-probschedule-27-1.pddl
schedule-adl,0-probschedule-28-2.pddl
schedule-adl,0-probschedule-29-2.pddl
schedule-adl,0-probschedule-35-0.pddl
schedule-adl,0-probschedule-37-0.pddl
schedule-adl,0-probschedule-37-2.pddl
schedule-adl,0-probschedule-38-0.pddl
schedule-adl,0-probschedule-38-2.pddl
schedule-adl,0-probschedule-39-0.pddl
schedule-adl,0-probschedule-39-2.pddl
schedule-adl,0-probschedule-42-1.pddl
schedule-adl,0-probschedule-42-2.pddl
schedule-adl,0-probschedule-43-0.pddl
schedule-adl,0-probschedule-43-1.pddl
schedule-adl,0-probschedule-44-0.pddl
schedule-adl,0-probschedule-44-2.pddl
schedule-adl,0-probschedule-45-0.pddl
schedule-adl,0-probschedule-45-1.pddl
schedule-adl,0-probschedule-45-2.pddl
schedule-adl,0-probschedule-46-0.pddl
schedule-adl,0-probschedule-46-1.pddl
schedule-adl,0-probschedule-46-2.pddl
schedule-adl,0-probschedule-48-0.pddl
schedule-adl,0-probschedule-48-1.pddl
schedule-adl,0-probschedule-48-2.pddl
schedule-adl,0-probschedule-49-0.pddl
schedule-adl,0-probschedule-50-0.pddl
schedule-adl,0-probschedule-50-1.pddl
schedule-adl,0-probschedule-50-2.pddl
schedule-adl,0-probschedule-51-1.pddl
settlers-adl,0-p06.pddl
settlers-adl,0-p07.pddl
settlers-adl,0-p08.pddl
settlers-adl,0-p09.pddl
settlers-adl,0-p10.pddl
settlers-adl,0-p15.pddl
settlers-adl,0-p17.pddl
settlers-adl,0-p18.pddl
settlers-adl,0-p19.pddl
settlers-adl,0-p20.pddl
settlers-adl,1-p01.pddl
settlers-adl,1-p02.pddl
settlers-adl,1-p03.pddl
settlers-adl,1-p04.pddl
settlers-adl,1-p05.pddl
settlers-adl,1-p06.pddl
settlers-adl,1-p07.pddl
settlers-adl,1-p08.pddl
settlers-adl,1-p09.pddl
settlers-adl,1-p10.pddl
settlers-adl,1-p11.pddl
settlers-adl,1-p12.pddl
settlers-adl,1-p13.pddl
settlers-adl,1-p14.pddl
settlers-adl,1-p15.pddl
settlers-adl,1-p16.pddl
settlers-adl,1-p17.pddl
settlers-adl,1-p18.pddl
settlers-adl,1-p19.pddl
settlers-adl,1-p20.pddl
snake-strips,0-p15.pddl
snake-strips,0-p17.pddl
snake-strips,0-p18.pddl
snake-strips,0-p28.pddl
snake-strips,0-p29.pddl
snake-strips,0-p30.pddl
snake-strips,1-p10.pddl
snake-strips,1-p11.pddl
snake-strips,1-p12.pddl
snake-strips,1-p13.pddl
snake-strips,1-p14.pddl
snake-strips,1-p15.pddl
snake-strips,1-p16.pddl
snake-strips,1-p17.pddl
snake-strips,1-p18.pddl
snake-strips,1-p19.pddl
snake-strips,2-p19.pddl
snake-strips,3-p04.pddl
snake-strips,3-p07.pddl
snake-strips,3-p08.pddl
snake-strips,3-p09.pddl
snake-strips,3-p10.pddl
snake-strips,3-p11.pddl
snake-strips,3-p12.pddl
snake-strips,3-p13.pddl
snake-strips,3-p14.pddl
snake-strips,3-p16.pddl
snake-strips,3-p17.pddl
snake-strips,3-p18.pddl
snake-strips,3-p19.pddl
sokoban-strips,0-p07.pddl
sokoban-strips,0-p09.pddl
sokoban-strips,0-p11.pddl
sokoban-strips,0-p12.pddl
sokoban-strips,0-p14.pddl
sokoban-strips,0-p17.pddl
sokoban-strips,0-p18.pddl
sokoban-strips,0-p19.pddl
sokoban-strips,0-p21.pddl
sokoban-strips,0-p22.pddl
sokoban-strips,0-p24.pddl
sokoban-strips,0-p25.pddl
sokoban-strips,0-p26.pddl
sokoban-strips,0-p27.pddl
sokoban-strips,0-p28.pddl
sokoban-strips,0-p29.pddl
sokoban-strips,0-p30.pddl
sokoban-strips,1-p13.pddl
sokoban-strips,1-p14.pddl
sokoban-strips,1-p15.pddl
sokoban-strips,1-p17.pddl
sokoban-strips,1-p18.pddl
sokoban-strips,1-p19.pddl
sokoban-strips,1-p21.pddl
sokoban-strips,1-p23.pddl
sokoban-strips,1-p25.pddl
sokoban-strips,1-p26.pddl
sokoban-strips,1-p27.pddl
sokoban-strips,1-p28.pddl
sokoban-strips,5-p21.pddl
spanner-strips,0-p012.pddl
spanner-strips,0-p014.pddl
spanner-strips,0-p017.pddl
spanner-strips,0-p023.pddl
spanner-strips,0-p030.pddl
spanner-strips,0-p038.pddl
spanner-strips,0-p043.pddl
spanner-strips,0-p044.pddl
spanner-strips,0-p045.pddl
spanner-strips,0-p056.pddl
spanner-strips,0-p057.pddl
spanner-strips,0-p058.pddl
spanner-strips,0-p060.pddl
spanner-strips,0-p061.pddl
spanner-strips,0-p072.pddl
spanner-strips,0-p074.pddl
spanner-strips,0-p078.pddl
spanner-strips,0-p080.pddl
spanner-strips,0-p083.pddl
spanner-strips,0-p087.pddl
spanner-strips,0-p099.pddl
spanner-strips,0-p102.pddl
spanner-strips,0-p110.pddl
spanner-strips,0-p118.pddl
spanner-strips,0-p121.pddl
spanner-strips,0-p124.pddl
spanner-strips,0-p125.pddl
spanner-strips,0-p126.pddl
spanner-strips,0-p127.pddl
spanner-strips,0-p131.pddl
spider-strips,0-p03.pddl
spider-strips,0-p04.pddl
spider-strips,0-p05.pddl
spider-strips,0-p06.pddl
spider-strips,0-p07.pddl
spider-strips,0-p09.pddl
spider-strips,0-p10.pddl
spider-strips,0-p11.pddl
spider-strips,0-p12.pddl
spider-strips,0-p13.pddl
spider-strips,0-p17.pddl
spider-strips,0-p18.pddl
spider-strips,0-p19.pddl
spider-strips,0-p20.pddl
spider-strips,1-p01.pddl
spider-strips,1-p02.pddl
spider-strips,1-p03.pddl
spider-strips,1-p07.pddl
spider-strips,1-p08.pddl
spider-strips,1-p09.pddl
spider-strips,1-p10.pddl
spider-strips,1-p11.pddl
spider-strips,1-p12.pddl
spider-strips,1-p14.pddl
spider-strips,1-p15.pddl
spider-strips,1-p16.pddl
spider-strips,1-p17.pddl
spider-strips,1-p18.pddl
spider-strips,1-p19.pddl
spider-strips,1-p20.pddl
storage-strips,1-p05.pddl
storage-strips,1-p06.pddl
storage-strips,1-p07.pddl
storage-strips,1-p08.pddl
storage-strips,1-p09.pddl
storage-strips,1-p10.pddl
storage-strips,1-p11.pddl
storage-strips,1-p12.pddl
storage-strips,1-p13.pddl
storage-strips,1-p14.pddl
storage-strips,1-p16.pddl
storage-strips,1-p18.pddl
storage-strips,1-p25.pddl
storage-strips,1-p26.pddl
storage-strips,1-p27.pddl
storage-strips,1-p28.pddl
storage-strips,1-p29.pddl
storage-strips,1-p30.pddl
storage-strips,2-p19.pddl
storage-strips,2-p20.pddl
storage-strips,2-p21.pddl
storage-strips,2-p22.pddl
storage-strips,2-p23.pddl
storage-strips,2-p24.pddl
storage-strips,2-p25.pddl
storage-strips,2-p26.pddl
storage-strips,2-p27.pddl
storage-strips,2-p28.pddl
storage-strips,2-p29.pddl
storage-strips,2-p30.pddl
t0-adder-adl,0-adder-01.pddl
t0-coins-adl,0-coins_p-01.pddl
t0-coins-adl,0-coins_p-03.pddl
t0-coins-adl,0-coins_p-05.pddl
t0-coins-adl,0-coins_p-06.pddl
t0-coins-adl,0-coins_p-07.pddl
t0-coins-adl,0-coins_p-08.pddl
t0-coins-adl,0-coins_p-09.pddl
t0-coins-adl,0-coins_p-10.pddl
t0-coins-adl,0-coins_p-11.pddl
t0-coins-adl,0-coins_p-12.pddl
t0-coins-adl,0-coins_p-13.pddl
t0-coins-adl,0-coins_p-14.pddl
t0-coins-adl,0-coins_p-15.pddl
t0-coins-adl,0-coins_p-16.pddl
t0-coins-adl,0-coins_p-17.pddl
t0-coins-adl,0-coins_p-18.pddl
t0-coins-adl,0-coins_p-19.pddl
t0-coins-adl,0-coins_p-20.pddl
t0-coins-adl,0-coins_p-21.pddl
t0-coins-adl,0-coins_p-22.pddl
t0-coins-adl,0-coins_p-23.pddl
t0-coins-adl,0-coins_p-24.pddl
t0-coins-adl,0-coins_p-25.pddl
t0-coins-adl,0-coins_p-26.pddl
t0-coins-adl,0-coins_p-27.pddl
t0-coins-adl,0-coins_p-28.pddl
t0-coins-adl,0-coins_p-29.pddl
t0-coins-adl,0-coins_p-30.pddl
t0-comm-adl,0-comm_c-01.pddl
t0-comm-adl,0-comm_c-02.pddl
t0-comm-adl,0-comm_c-03.pddl
t0-comm-adl,0-comm_c-04.pddl
t0-comm-adl,0-comm_c-05.pddl
t0-comm-adl,0-comm_c-06.pddl
t0-comm-adl,0-comm_c-07.pddl
t0-comm-adl,0-comm_c-08.pddl
t0-comm-adl,0-comm_c-09.pddl
t0-comm-adl,0-comm_c-10.pddl
t0-comm-adl,0-comm_c-11.pddl
t0-comm-adl,0-comm_c-12.pddl
t0-comm-adl,0-comm_c-13.pddl
t0-comm-adl,0-comm_c-14.pddl
t0-comm-adl,0-comm_c-15.pddl
t0-comm-adl,0-comm_c-16.pddl
t0-comm-adl,0-comm_c-17.pddl
t0-comm-adl,0-comm_c-18.pddl
t0-comm-adl,0-comm_c-19.pddl
t0-comm-adl,0-comm_c-20.pddl
t0-comm-adl,0-comm_c-21.pddl
t0-comm-adl,0-comm_c-22.pddl
t0-comm-adl,0-comm_c-23.pddl
t0-comm-adl,0-comm_c-24.pddl
t0-comm-adl,0-comm_c-25.pddl
t0-grid-dispose-adl,0-family-grid-new_dispose-12-1.pddl
t0-grid-dispose-adl,0-family-grid-new_dispose-12-2.pddl
t0-grid-dispose-adl,0-family-grid-new_dispose-12-3.pddl
t0-grid-dispose-adl,0-family-grid-new_dispose-16-1.pddl
t0-grid-dispose-adl,0-family-grid-new_dispose-16-2.pddl
t0-grid-dispose-adl,0-family-grid-new_dispose-16-3.pddl
t0-grid-dispose-adl,0-family-grid-new_dispose-20-1.pddl
t0-grid-dispose-adl,0-family-grid-new_dispose-20-2.pddl
t0-grid-dispose-adl,0-family-grid-new_dispose-20-3.pddl
t0-grid-dispose-adl,0-family-grid-new_dispose-4-1.pddl
t0-grid-dispose-adl,0-family-grid-new_dispose-4-2.pddl
t0-grid-dispose-adl,0-family-grid-new_dispose-4-3.pddl
t0-grid-dispose-adl,0-family-grid-new_dispose-8-1.pddl
t0-grid-dispose-adl,0-family-grid-new_dispose-8-2.pddl
t0-grid-dispose-adl,0-family-grid-new_dispose-8-3.pddl
t0-grid-push-adl,0-family-grid-new_push-to-4-1.pddl
t0-grid-push-adl,0-family-grid-new_push-to-4-2.pddl
t0-grid-push-adl,0-family-grid-new_push-to-4-3.pddl
t0-grid-push-adl,0-family-grid-new_push-to-8-1.pddl
t0-grid-push-adl,0-family-grid-new_push-to-8-2.pddl
t0-grid-trash-adl,0-family-grid-new_to-trash-8-1-disappear.pddl
t0-sortnet-adl,0-sortnet_03.pddl
t0-sortnet-adl,0-sortnet_04.pddl
t0-sortnet-adl,0-sortnet_05.pddl
t0-sortnet-adl,0-sortnet_06.pddl
t0-sortnet-adl,0-sortnet_07.pddl
t0-sortnet-alt-adl,0-sort-num_s-2.pddl
t0-sortnet-alt-adl,0-sort-num_s-3.pddl
t0-sortnet-alt-adl,0-sort-num_s-4.pddl
t0-sortnet-alt-adl,0-sort-num_s-5.pddl
t0-sortnet-alt-adl,0-sort-num_s-6.pddl
t0-sortnet-alt-adl,0-sort-num_s-7.pddl
t0-uts-adl,0-uts_k-01.pddl
t0-uts-adl,0-uts_k-02.pddl
t0-uts-adl,0-uts_k-03.pddl
t0-uts-adl,0-uts_k-04.pddl
t0-uts-adl,0-uts_k-05.pddl
t0-uts-adl,0-uts_k-06.pddl
t0-uts-adl,0-uts_k-07.pddl
t0-uts-adl,0-uts_k-08.pddl
t0-uts-adl,0-uts_k-09.pddl
t0-uts-adl,0-uts_k-10.pddl
t0-uts-adl,0-uts_l-02.pddl
t0-uts-adl,0-uts_l-03.pddl
t0-uts-adl,0-uts_l-04.pddl
t0-uts-adl,0-uts_l-05.pddl
t0-uts-adl,0-uts_l-06.pddl
t0-uts-adl,0-uts_l-07.pddl
t0-uts-adl,0-uts_l-08.pddl
t0-uts-adl,0-uts_l-09.pddl
t0-uts-adl,0-uts_l-10.pddl
t0-uts-adl,0-uts_r-03.pddl
t0-uts-adl,0-uts_r-04.pddl
t0-uts-adl,0-uts_r-05.pddl
t0-uts-adl,0-uts_r-06.pddl
t0-uts-adl,0-uts_r-07.pddl
t0-uts-adl,0-uts_r-08.pddl
t0-uts-adl,0-uts_r-09.pddl
t0-uts-adl,0-uts_r-10.pddl
termes-strips,0-p14.pddl
termes-strips,0-p17.pddl
termes-strips,0-p18.pddl
termes-strips,0-p20.pddl
termes-strips,0-p25.pddl
termes-strips,1-p03.pddl
termes-strips,1-p04.pddl
termes-strips,1-p06.pddl
termes-strips,1-p07.pddl
termes-strips,1-p08.pddl
termes-strips,1-p09.pddl
termes-strips,1-p20.pddl
termes-strips,1-p21.pddl
termes-strips,1-p22.pddl
termes-strips,1-p23.pddl
termes-strips,1-p24.pddl
termes-strips,1-p25.pddl
termes-strips,1-p26.pddl
termes-strips,1-p27.pddl
termes-strips,3-p02.pddl
termes-strips,3-p03.pddl
termes-strips,3-p05.pddl
termes-strips,3-p07.pddl
termes-strips,3-p12.pddl
termes-strips,3-p13.pddl
termes-strips,3-p14.pddl
termes-strips,3-p16.pddl
termes-strips,3-p17.pddl
termes-strips,3-p18.pddl
termes-strips,3-p19.pddl
tetris-strips,0-p08.pddl
tetris-strips,0-p09.pddl
tetris-strips,0-p18.pddl
tetris-strips,0-p25.pddl
tetris-strips,0-p27.pddl
tetris-strips,0-p30.pddl
tetris-strips,1-p06.pddl
tetris-strips,1-p07.pddl
tetris-strips,1-p08.pddl
tetris-strips,1-p09.pddl
tetris-strips,1-p10.pddl
tetris-strips,1-p12.pddl
tetris-strips,1-p19.pddl
tetris-strips,1-p20.pddl
tetris-strips,1-p21.pddl
tetris-strips,1-p22.pddl
tetris-strips,2-p01-10.pddl
tetris-strips,3-p022.pddl
tetris-strips,3-p023.pddl
tetris-strips,3-p024.pddl
tetris-strips,3-p028.pddl
tetris-strips,3-p029.pddl
tetris-strips,3-p031.pddl
tetris-strips,3-p032.pddl
tetris-strips,3-p034.pddl
tetris-strips,3-p036.pddl
tetris-strips,3-p037.pddl
tetris-strips,3-p038.pddl
tetris-strips,3-p039.pddl
tetris-strips,3-p040.pddl
thoughtful-strips,0-p08.pddl
thoughtful-strips,0-p12.pddl
thoughtful-strips,0-p13.pddl
thoughtful-strips,0-p14.pddl
thoughtful-strips,0-p15.pddl
thoughtful-strips,0-p17.pddl
thoughtful-strips,0-p20.pddl
thoughtful-strips,0-p23.pddl
thoughtful-strips,0-p24.pddl
thoughtful-strips,0-p26.pddl
thoughtful-strips,0-p27.pddl
thoughtful-strips,0-p30.pddl
thoughtful-strips,1-p16.pddl
thoughtful-strips,1-p18.pddl
thoughtful-strips,1-p19.pddl
thoughtful-strips,1-p20.pddl
thoughtful-strips,1-p22.pddl
thoughtful-strips,1-p23.pddl
thoughtful-strips,1-p24.pddl
thoughtful-strips,1-p25.pddl
thoughtful-strips,1-p28.pddl
thoughtful-strips,1-p29.pddl
thoughtful-strips,1-p30.pddl
thoughtful-strips,3-target-typed-20.pddl
thoughtful-strips,3-target-typed-21.pddl
thoughtful-strips,3-target-typed-22.pddl
thoughtful-strips,3-target-typed-23.pddl
thoughtful-strips,3-target-typed-24.pddl
thoughtful-strips,3-target-typed-26.pddl
thoughtful-strips,3-target-typed-28.pddl
tidybot-strips,0-p19.pddl
tidybot-strips,0-p21.pddl
tidybot-strips,0-p23.pddl
tidybot-strips,0-p27.pddl
tidybot-strips,0-p28.pddl
tidybot-strips,0-p29.pddl
tidybot-strips,0-p30.pddl
tidybot-strips,1-p05.pddl
tidybot-strips,1-p09.pddl
tidybot-strips,1-p11.pddl
tidybot-strips,1-p12.pddl
tidybot-strips,1-p13.pddl
tidybot-strips,1-p14.pddl
tidybot-strips,1-p15.pddl
tidybot-strips,1-p16.pddl
tidybot-strips,1-p17.pddl
tidybot-strips,1-p18.pddl
tidybot-strips,1-p19.pddl
tidybot-strips,1-p20.pddl
tidybot-strips,1-p21.pddl
tidybot-strips,1-p22.pddl
tidybot-strips,1-p23.pddl
tidybot-strips,1-p25.pddl
tidybot-strips,1-p27.pddl
tidybot-strips,2-p06.pddl
tidybot-strips,4-p13.pddl
tidybot-strips,4-p16.pddl
tidybot-strips,4-p18.pddl
tidybot-strips,4-p19.pddl
tidybot-strips,4-p20.pddl
tpp-strips,0-p09.pddl
tpp-strips,0-p10.pddl
tpp-strips,0-p12.pddl
tpp-strips,0-p13.pddl
tpp-strips,0-p14.pddl
tpp-strips,0-p15.pddl
tpp-strips,0-p16.pddl
tpp-strips,0-p17.pddl
tpp-strips,0-p18.pddl
tpp-strips,0-p19.pddl
tpp-strips,0-p20.pddl
tpp-strips,0-p21.pddl
tpp-strips,0-p22.pddl
tpp-strips,1-p05.pddl
tpp-strips,1-p07.pddl
tpp-strips,1-p10.pddl
tpp-strips,1-p11.pddl
tpp-strips,1-p12.pddl
tpp-strips,1-p13.pddl
tpp-strips,1-p14.pddl
tpp-strips,1-p15.pddl
tpp-strips,1-p16.pddl
tpp-strips,2-p19.pddl
tpp-strips,2-p20.pddl
tpp-strips,2-p22.pddl
tpp-strips,2-p25.pddl
tpp-strips,2-p27.pddl
tpp-strips,2-p28.pddl
tpp-strips,2-p29.pddl
tpp-strips,2-p30.pddl
transport-strips,1-p13.pddl
transport-strips,1-p14.pddl
transport-strips,1-p15.pddl
transport-strips,1-p16.pddl
transport-strips,1-p17.pddl
transport-strips,1-p18.pddl
transport-strips,1-p19.pddl
transport-strips,1-p20.pddl
transport-strips,1-p21.pddl
transport-strips,1-p22.pddl
transport-strips,3-p04.pddl
transport-strips,3-p05.pddl
transport-strips,3-p07.pddl
transport-strips,3-p08.pddl
transport-strips,3-p10.pddl
transport-strips,3-p14.pddl
transport-strips,3-p15.pddl
transport-strips,3-p16.pddl
transport-strips,3-p17.pddl
transport-strips,3-p18.pddl
transport-strips,3-p19.pddl
transport-strips,3-p20.pddl
transport-strips,5-p09.pddl
transport-strips,5-p14.pddl
transport-strips,5-p15.pddl
transport-strips,5-p16.pddl
transport-strips,5-p17.pddl
transport-strips,5-p18.pddl
transport-strips,5-p19.pddl
transport-strips,5-p20.pddl
trucks-adl,0-p01.pddl
trucks-adl,0-p02.pddl
trucks-adl,0-p03.pddl
trucks-adl,0-p04.pddl
trucks-adl,0-p05.pddl
trucks-adl,0-p06.pddl
trucks-adl,0-p07.pddl
trucks-adl,0-p08.pddl
trucks-adl,0-p09.pddl
trucks-adl,0-p10.pddl
trucks-adl,0-p11.pddl
trucks-adl,0-p12.pddl
trucks-adl,0-p13.pddl
trucks-adl,0-p14.pddl
trucks-adl,0-p15.pddl
trucks-adl,0-p16.pddl
trucks-adl,0-p17.pddl
trucks-adl,0-p18.pddl
trucks-adl,0-p19.pddl
trucks-adl,0-p20.pddl
trucks-adl,0-p21.pddl
trucks-adl,0-p22.pddl
trucks-adl,0-p23.pddl
trucks-adl,0-p26.pddl
trucks-strips,0-p01.pddl
trucks-strips,0-p02.pddl
trucks-strips,0-p03.pddl
trucks-strips,0-p04.pddl
trucks-strips,0-p05.pddl
trucks-strips,0-p06.pddl
trucks-strips,0-p07.pddl
trucks-strips,0-p08.pddl
trucks-strips,0-p09.pddl
trucks-strips,0-p10.pddl
trucks-strips,0-p11.pddl
trucks-strips,0-p12.pddl
trucks-strips,0-p13.pddl
trucks-strips,0-p14.pddl
trucks-strips,0-p15.pddl
trucks-strips,0-p16.pddl
trucks-strips,0-p17.pddl
trucks-strips,0-p18.pddl
trucks-strips,0-p19.pddl
trucks-strips,0-p20.pddl
trucks-strips,0-p21.pddl
trucks-strips,0-p22.pddl
trucks-strips,0-p23.pddl
trucks-strips,0-p24.pddl
trucks-strips,0-p26.pddl
trucks-strips,0-p28.pddl
visitall-strips,1-p14.pddl
visitall-strips,1-p15.pddl
visitall-strips,1-p16.pddl
visitall-strips,1-p17.pddl
visitall-strips,1-p18.pddl
visitall-strips,1-p19.pddl
visitall-strips,1-p20.pddl
visitall-strips,1-p21.pddl
visitall-strips,1-p22.pddl
visitall-strips,1-p23.pddl
visitall-strips,1-p24.pddl
visitall-strips,1-p25.pddl
visitall-strips,1-p26.pddl
visitall-strips,3-pfile50.pddl
visitall-strips,3-pfile51.pddl
visitall-strips,3-pfile52.pddl
visitall-strips,3-pfile53.pddl
visitall-strips,3-pfile54.pddl
visitall-strips,3-pfile55.pddl
visitall-strips,3-pfile56.pddl
visitall-strips,3-pfile57.pddl
visitall-strips,3-pfile58.pddl
visitall-strips,3-pfile59.pddl
visitall-strips,3-pfile60.pddl
visitall-strips,3-pfile61.pddl
visitall-strips,3-pfile62.pddl
visitall-strips,3-pfile63.pddl
visitall-strips,3-pfile64.pddl
visitall-strips,3-pfile65.pddl
visitall-strips,5-problem48.pddl
woodworking-strips,0-p11.pddl
woodworking-strips,0-p12.pddl
woodworking-strips,0-p13.pddl
woodworking-strips,0-p14.pddl
woodworking-strips,0-p15.pddl
woodworking-strips,0-p16.pddl
woodworking-strips,0-p17.pddl
woodworking-strips,0-p18.pddl
woodworking-strips,0-p23.pddl
woodworking-strips,0-p25.pddl
woodworking-strips,0-p28.pddl
woodworking-strips,1-p04.pddl
woodworking-strips,1-p05.pddl
woodworking-strips,1-p06.pddl
woodworking-strips,1-p07.pddl
woodworking-strips,1-p08.pddl
woodworking-strips,1-p09.pddl
woodworking-strips,1-p10.pddl
woodworking-strips,1-p11.pddl
woodworking-strips,1-p12.pddl
woodworking-strips,1-p13.pddl
woodworking-strips,1-p19.pddl
woodworking-strips,1-p20.pddl
woodworking-strips,1-p21.pddl
woodworking-strips,1-p22.pddl
woodworking-strips,1-p25.pddl
woodworking-strips,3-p11.pddl
woodworking-strips,3-p13.pddl
woodworking-strips,3-p14.pddl
woodworking-strips,3-p16.pddl
zenotravel-strips,0-p04.pddl
zenotravel-strips,0-p05.pddl
zenotravel-strips,0-p10.pddl
zenotravel-strips,0-p17.pddl
zenotravel-strips,0-p19.pddl
zenotravel-strips,0-p20.pddl
zenotravel-strips,0-p30.pddl
zenotravel-strips,1-p01.pddl
zenotravel-strips,1-p02.pddl
zenotravel-strips,1-p03.pddl
zenotravel-strips,1-p04.pddl
zenotravel-strips,1-p05.pddl
zenotravel-strips,1-p06.pddl
zenotravel-strips,1-p07.pddl
zenotravel-strips,1-p08.pddl
zenotravel-strips,1-p09.pddl
zenotravel-strips,1-p10.pddl
zenotravel-strips,1-p11.pddl
zenotravel-strips,1-p12.pddl
zenotravel-strips,1-p13.pddl
zenotravel-strips,1-p14.pddl
zenotravel-strips,1-p15.pddl
zenotravel-strips,1-p16.pddl
zenotravel-strips,2-p14.pddl
zenotravel-strips,2-p15.pddl
zenotravel-strips,2-p16.pddl
zenotravel-strips,2-p17.pddl
zenotravel-strips,2-p18.pddl
zenotravel-strips,2-p19.pddl
zenotravel-strips,2-p20.pddl
